Objective Tag,Objective Description,Evidence Statements,In BS1,In BS2,In CSP,CSP-Exclusions,Notes
N-Q,El estudiante razona cuantitativamente en el uso de unidades para resolver problemas,Selección de unidades apropiadas para resolver un problema,Y,,,,
,,Interpretación correcta de unidades consistentemente en fórmulas,Y,,,,
,,Selección de escala y origen apropiados en gráficos y visualizaciones de datos,N,,,,
,,Selección de (identificación de) cantidades apropiadas para el propósito del modelado descriptivo,N,,,,
,,Selección de un nivel de exactitud adecuado a las limitaciones de medición cuando se informan las cantidades,N,,,,
5.G.1-2,Gráfico de puntos en el plano de coordenadas para resolver problemas matemáticos y del mundo real,"Utilice un par de líneas de números perpendiculares, denominadas ejes, para definir un sistema de coordenadas",Y,,,,
,,"Representar el mundo real y los problemas matemáticos mediante la representación gráfica de puntos en el primer cuadrante del plano de coordenadas, e interpretar los valores de coordenadas de los puntos en el contexto de la situación.",Y,,,,
5.OA.1-2,Escribir e interpretar expresiones numéricas,"Utilice paréntesis, corchetes o tirantes en expresiones numéricas y evalúe expresiones con estos símbolos",Y,,,,
,,Escribe expresiones simples que registren cálculos con números e interprete expresiones numéricas sin evaluarlas.,Y,,,,
6.NS.5-8,"El estudiante realiza operaciones con números negativos, trabaja con la línea numérica y el plano de coordenadas, el orden y el valor absoluto de los números, y resuelve problemas del mundo real con números racionales.",Representación de cantidades opuestas con números positivos y negativos.,N,,,,
,,Gráficos de números negativos en la recta numérica.,Y,,,,
,,Parcelas de pares de coordenadas en los cuatro cuadrantes del plano de coordenadas.,Y,,,,
,,Definición y determinación del valor absoluto de los números racionales.,Y,,,,
,,Interpretación del orden de los números racionales en contextos del mundo real.,N,,,,
,,Cálculo de la distancia entre puntos con la misma primera coordenada o la misma segunda coordenada.,Y,,,,
7.EE.1-2,El estudiante utiliza las propiedades de las operaciones para generar expresiones equivalentes,"Adición, sustracción, factorización y expansión de expresiones lineales con coeficientes racionales aplicando propiedades de operaciones",N,,,,
,,Reescritura de una expresión en diferentes formas en un contexto de problema para arrojar luz sobre el problema y cómo las cantidades en él están relacionadas,N,,,,
7.EE.3-4,El estudiante utiliza expresiones y ecuaciones numéricas y algebraicas para resolver problemas matemáticos y de la vida real,"Uso de números racionales positivos y negativos en cualquier forma (números enteros, fracciones y decimales) para resolver problemas matemáticos de la vida real y de varios pasos",Y,,,,
,,Conversiones entre formas de números racionales para realizar cálculos apropiados,N,,,,
,,Estimación de respuestas usando computación mental para evaluar la razonabilidad de las soluciones,Y,,,,
,,Uso de variables para representar cantidades en un problema real o matemático,Y,,,,
,,Construcción de ecuaciones simples y desigualdades para resolver problemas por razonamiento sobre las cantidades,Y,,,,
,,"Solución de problemas de palabra que conducen a ecuaciones de la forma px + q = r y p (x + q) = r, donde p, q, y r son números racionales específicos",N,,,,
,,Determinación de soluciones de ecuaciones de estas formas,N,,,,
,,"Comparación de una solución algebraica con una solución aritmética, identificando la secuencia de las operaciones utilizadas en cada enfoque",Y,,,,
,,"Determinación de soluciones de problemas de palabra que conducen a desigualdades de la forma px + q> r o px + q <r, donde p, q y r son números racionales específicos",Y,,,,
,,Interpretación en el contexto de soluciones de problemas de palabra que conducen a desigualdades,Y,,,,
,,Construcción de una gráfica del conjunto solución de una desigualdad e interpretación de la misma en el contexto del problema,N,,,,
8.EE.1-4,El estudiante realiza operaciones con radicales y exponentes enteros,1. generación de expresiones numéricas equivalentes aplicando las propiedades de los exponentes enteros,N,,,,
,,"2. uso de símbolos de raíz cuadrada y raíz cúbica para representar soluciones a ecuaciones de la forma x2 = p, donde p es un número racional positivo, y x3 = p, donde p es un número racional positivo o negativo",N,,,,
,,3. Evaluación de raíces cuadradas de pequeños cuadrados perfectos y raíces cúbicas de pequeños cubos perfectos,N,,,,
,,4. identificación de 2 como irracional,N,,,,
,,5. estimación de cantidades muy grandes o muy pequeñas utilizando números expresados ??en forma de un solo dígito veces una potencia entera de 10,N,,,,
,,6. comparación de cantidades muy grandes o muy pequeñas expresando cuántas veces más que una es la otra,N,,,,
,,"7. operaciones con números expresados ??en notación científica, incluidos los problemas en los que se utilizan notación decimal y científica",N,,,,
,,8. selección de unidades de tamaño adecuado para mediciones de cantidades muy grandes o muy pequeñas,N,,,,
,,9. interpretación de la notación científica que ha sido generada por la tecnología,N,,,,
8.EE.5-6,"El estudiante dibuja conexiones entre relaciones proporcionales, líneas y ecuaciones lineales",1. interpretación de la tasa unitaria como la pendiente de la gráfica de una relación proporcional,N,,,,
,,"2. comparación de dos relaciones proporcionales diferentes representadas de diferentes maneras (por ejemplo, gráfica y ecuación)",N,,,,
,,3. uso de triángulos similares para explicar por qué la pendiente m es la misma entre dos puntos distintos en una línea no vertical en el plano de coordenadas,N,,,,
,,4. derivación de la ecuación y = mx para una recta que pasa por el origen y la ecuación y = mx + b para una recta que intercepta el eje vertical en b,N,,,,
8.EE.7,El alumno analiza y resuelve ecuaciones lineales y pares de ecuaciones lineales simultáneas (las ecuaciones lineales simultáneas serán enseñadas en el 8vo grado),1. determinación de soluciones de ecuaciones lineales en una variable,N,,,,
,,"2. Identificación de ecuaciones lineales en una variable como una solución, infinidad de soluciones o ninguna solución",N,,,,
,,"3. transformación de ecuaciones dadas en formas más simples, hasta una ecuación equivalente de la forma x = a, a = a, o a = b resultados (donde a y b son números diferentes)",N,,,,
,,"4. Soluciones de ecuaciones lineales con coeficientes numéricos racionales, incluyendo ecuaciones cuyas soluciones requieren expresiones expansivas usando la propiedad distributiva y recopilando términos similares",N,,,,
7.G.1,"El alumno dibuja, construye y describe figuras geométricas y describe las relaciones entre ellas",1. cálculo de longitudes y áreas de dibujos a escala de figuras geométricas,N,,,,
,,2. reproducción de un dibujo a escala diferente,N,,,,
7.G.2,,"3. uso de condiciones dadas para dibujar formas geométricas (a mano alzada, con regla y transportador, y con tecnología)",N,,,,
,,"4. Uso de las medidas de tres ángulos o lados para construir un triángulo y determinar cuándo las condiciones determinan un triángulo único, más de un triángulo o ningún triángulo",N,,,,
7.G.3,,"5. descripción de las figuras bidimensionales que resultan del corte de figuras tridimensionales, como en secciones planas de prismas rectangulares rectos y pirámides rectangulares rectas",N,,,,
7.G.5,"El estudiante resuelve problemas matemáticos y de la vida real relacionados con la medida del ángulo, el área, la superficie y el volumen (Área, SA, Volumen en el sexto)","3. Determinación de la solución a un problema de varios pasos que requiere el uso de hechos sobre ángulos suplementarios, complementarios, verticales y adyacentes para escribir y resolver ecuaciones simples para un ángulo desconocido en una figura",N,,,,
8.G.1-5,"El estudiante utiliza modelos físicos, transparencias o software de geometría para examinar la congruencia y similitud","1. rotaciones, reflexiones y traducciones de líneas tomadas a líneas y segmentos de línea a segmentos de línea de la misma longitud",N,,,,
,,"2. rotaciones, reflexiones y traducciones de ángulos tomados a ángulos de la misma medida",N,,,,
,,"3. rotaciones, reflexiones y traducciones de líneas paralelas tomadas en líneas paralelas",N,,,,
,,"4. creación de una figura bidimensional, congruente con una primera figura, obtenida por una secuencia de rotaciones, reflexiones y traducciones",N,,,,
,,"5. descripción de la secuencia de rotaciones, reflexiones y traducciones utilizadas para crear una segunda figura congruente de una primera",N,,,,
,,"6. descripciones del efecto de las dilataciones, las traducciones, las rotaciones y las reflexiones sobre las figuras bidimensionales usando coordenadas",N,,,,
,,"7. creación de una segunda figura similar bidimensional obtenida por una secuencia de rotaciones, reflexiones, traducciones y dilataciones realizadas sobre una figura",N,,,,
,,"8. descripción de la secuencia de rotaciones, reflexiones, traducciones y dilataciones utilizadas para crear una segunda figura similar a partir de una primera",N,,,,
,,"9. El uso de argumentos informales que establecen hechos sobre la suma angular y el ángulo exterior de los triángulos, sobre los ángulos creados cuando las líneas paralelas son cortadas por una transversal y el criterio ángulo-ángulo para la similitud de los triángulos",N,,,,
8.G.6-8,El estudiante utiliza el teorema de Pitágoras para resolver problemas matemáticos y del mundo real,1. explicación de una prueba del Teorema de Pitágoras y su inversa,Y,,,,
,,2. Aplicación del teorema de Pitágoras para determinar las longitudes de los lados desconocidos en triángulos rectos en problemas reales y matemáticos en dos y tres dimensiones,Y,,,,
,,3. Aplicación del Teorema de Pitágoras para encontrar la distancia entre dos puntos en un sistema de coordenadas,Y,,,,
8.G.9,"El estudiante utiliza fórmulas que implican el volumen de cilindros, conos y esferas para resolver problemas matemáticos y del mundo real","1. uso de las fórmulas para los volúmenes de conos, cilindros y esferas para resolver problemas matemáticos y del mundo real",N,,,,
,,2. determinación de la validez de una muestra y las inferencias basadas en esa muestra,N,,,,
7.SP.1-2,El estudiante dibuja inferencias sobre una población usando el muestreo aleatorio,1. uso del muestreo para obtener información sobre una población,N,,,,
,,2. determinación de la validez de una muestra y las inferencias basadas en esa muestra,N,,,,
,,3. el uso de datos de una muestra aleatoria para extraer inferencias sobre una población con una característica desconocida de interés,N,,,,
,,4. la creación de muestras múltiples (o muestras simuladas) del mismo tamaño para medir la variación en las estimaciones o predicciones,N,,,,
7.SP.3-4,El estudiante extrae inferencias comparativas informales sobre dos poblaciones,5. Medición de la diferencia entre centros al expresarla como un múltiplo de una medida de variabilidad,N,,,,
,,6. comparaciones informales de dos poblaciones utilizando las medidas de centro y medidas de variabilidad,N,,,,
7.SP.8,"El estudiante desarrolla, usa y evalúa modelos de probabilidad para investigar procesos de azar","14. uso de listas organizadas, tablas, diagramas de árbol y simulación para encontrar probabilidades de eventos compuestos",N,,,,
,,15. descripción de la probabilidad de eventos compuestos como una fracción de resultados en el espacio muestral para el cual ocurre el evento compuesto,N,,,,
,,"16. representación de espacios de muestra para eventos compuestos utilizando métodos tales como listas organizadas, tablas y diagramas de árbol",N,,,,
,,"17. identificación de los resultados en un espacio de muestra que componen un evento descrito en el lenguaje cotidiano (por ejemplo,",N,,,,
,,18. diseño y uso de una simulación para generar frecuencias para eventos compuestos,N,,,,
7.SP.1,El estudiante dibuja inferencias sobre una población usando el muestreo aleatorio,1. uso del muestreo para obtener información sobre una población,N,,,,
8.SP.1-4,El alumno investiga patrones de asociación en datos bivariados,1. investigación de patrones de asociación entre dos cantidades construyendo e interpretando parcelas de dispersión para datos de medición bivariados,N,,,,
,,"2. descripción de patrones tales como agrupamiento, valores atípicos, positivos o negativos",N,,,,
,,"Asociación, asociación lineal y asociación no lineal",N,,,,
,,3. uso de líneas rectas para modelar relaciones entre dos variables cuantitativas,N,,,,
,,4. Determinación del ajuste de un modelo lineal a un diagrama de dispersión que sugiere una asociación lineal al juzgar la proximidad de los puntos de datos a la línea,N,,,,
,,5. interpretación de la pendiente e intercepción de la ecuación de un modelo lineal utilizado para resolver problemas en el contexto de datos de medición bivariados,N,,,,
,,6. Visualización de frecuencias y frecuencias relativas de datos categóricos bivariados en una tabla de dos vías para evaluar patrones de asociación,N,,,,
,,7. construcción e interpretación de una tabla bidireccional que resume datos sobre dos variables categóricas recogidas de las mismas materias,N,,,,
,,8. uso de frecuencias relativas calculadas para filas o columnas para describir la posible asociación entre las dos variables,N,,,,
8.F.1-3,"El alumno define, evalúa y compara funciones",1. descripción de una función como una regla que asigna a cada entrada exactamente una salida,Y,,,,
,,2. construcción del gráfico de una función como el conjunto de pares ordenados que consiste en una entrada y la salida correspondiente,N,,,,
,,"3. comparación de propiedades de dos funciones representadas cada una de manera diferente (algebraicamente, gráficamente, numéricamente en tablas o por descripciones verbales)",Y,,,,
,,"4. Identificación de la ecuación y = mx + b como función lineal, cuya gráfica es una recta",N,,,,
,,"5. la identificación de funciones que no son lineales, como A = s2, por el hecho de que sus gráficos no forman una línea recta",N,,,,
8.F.4,El estudiante modela relaciones entre cantidades que utilizan funciones,1. construcción de una función para modelar una relación lineal entre dos cantidades,Y,,,,
,,"2. Determinación de la velocidad de cambio y del valor inicial de una función a partir de una descripción de una relación o de dos valores (x, y), incluyendo la lectura de éstos de una tabla o de un gráfico",Y,,,,
,,3. interpretación de la tasa de cambio y valor inicial de una función lineal en función de la situación que modela y en términos de su gráfico o de una tabla de valores,Y,,,,
8.F.5,El estudiante modela relaciones entre cantidades que utilizan funciones,"4. uso de una descripción cualitativa (por ejemplo, cuando la función es creciente o decreciente, lineal o no lineal) para describir la relación funcional entre dos cantidades",Y,,,,
,,5. Esbozo de un gráfico que muestra las características cualitativas de una función que ha sido descrita verbalmente,N,,,,
N-RN,El estudiante extiende las propiedades de exponentes a exponentes racionales,1. Uso de las propiedades de exponentes para describir exponentes racionales y relacionarlos con radicales,N,,,,
,,"2. explicación de cómo la definición del significado de los exponentes racionales proviene de extender las propiedades de los exponentes enteros a esos valores, permitiendo una notación para los radicales en términos de exponentes racionales (por ejemplo, definimos 51/3 como la raíz cúbica De 5 porque queremos (51/3) 3 = 5 (1/3) 3 para mantener, así que (51/3) 3 debe ser igual a 5)",N,,,,
,,3. Uso de las propiedades de los exponentes para simplificar las expresiones que implican radicales y exponentes racionales,N,,,,
,,4. Expresiones reescritas que implican radicales y exponentes racionales utilizando las propiedades de los exponentes,N,,,,
,El estudiante utiliza propiedades de números racionales e irracionales,1. explicación de por qué la suma o producto de dos números racionales es racional,N,,,,
,,2. explicación de que la suma de un número racional y un número irracional es irracional,N,,,,
,,3. explicación de que el producto de un número racional no nulo y un número irracional es irracional,N,,,,
A-REI.1-2,El estudiante explica el razonamiento para el proceso de resolver ecuaciones,1. construcción de un argumento viable para justificar cada paso en la resolución de una ecuación simple,N,,,,
,,2. razonamiento de la existencia de soluciones extrañas en ecuaciones racionales y radicales simples en una variable,N,,,,
A-REI.3-4,El estudiante resuelve ecuaciones lineales y cuadráticas y desigualdades en una variable,"1. solución de ecuaciones lineales y desigualdades en una variable, incluyendo ecuaciones con coeficientes representados por letras",N,,,,
,,2. solución de ecuaciones cuadráticas en una variable,N,,,,
,,3. uso de completar el cuadrado para transformar cualquier ecuación cuadrática en una ecuación de la forma (x _ p) ^ 2 = q,N,,,,
,,4. uso de completar el cuadrado para derivar la fórmula cuadrática,N,,,,
,,"5. El uso de un método algebraico apropiado (inspección, toma de raíces cuadradas, completar el cuadrado, la fórmula cuadrática o factoring) para resolver ecuaciones cuadráticas",N,,,,
A-REI.5-9,El estudiante resuelve sistemas de ecuaciones lineales y sistemas simples de una ecuación lineal y una ecuación cuadrática,"1. La prueba de que, dado un sistema de dos ecuaciones en dos variables, reemplazando una ecuación por la suma de esa ecuación y un múltiplo de la otra produce un sistema con las mismas soluciones",N,,,,
,,"2. solución a sistemas de ecuaciones lineales exactamente y aproximadamente (por ejemplo, con gráficos), centrándose en pares de ecuaciones lineales en dos variables",N,,,,
,,3. solución a un sistema simple de una ecuación lineal y una ecuación cuadrática en dos variables algebraicas y gráficamente,N,,,,
A-REI.10-12,El estudiante utiliza un gráfico para representar y resolver ecuaciones y desigualdades,1. Uso de un gráfico de una ecuación en dos variables para identificar todas las soluciones de la curva trazada en el plano de coordenadas,N,,,,
,,2. representación de la solución de la ecuación f (x) = g (x) como las coordenadas x de los puntos donde se intersectan las gráficas de las ecuaciones y = f (x) yy = g (x),N,,,,
,,"3. Uso de la aproximación por tecnología para encontrar la solución de un sistema de ecuaciones, donde f (x) y / o g (x) son funciones lineales, polinómicas, racionales, de valor absoluto, exponenciales y logarítmicas",N,,,,
,,4. gráfica de las soluciones a una desigualdad lineal en dos variables como medio plano (excluyendo el límite en el caso de una desigualdad estricta),N,,,,
,,5. gráfica de la solución puesta a un sistema de desigualdades lineales en dos variables como la intersección de los medios planos correspondientes,N,,,,
F-IF.1-3,"El estudiante utiliza notación de funciones para describir, evaluar e interpretar funciones en términos de dominio y rango",Descripción de una función usando términos dominio y rango,Y,,,,
,,"Explicación de que si f es una función y x es un elemento de su dominio, entonces f (x) denota la salida de f correspondiente a la entrada x",Y,,,,
,,Gráfica de f como la gráfica de la ecuación y = f (x),N,,,,
,,Evaluación de funciones utilizando notación de función para entradas en sus dominios,Y,,,,
,,Interpretación de las sentencias que utilizan notación de función en términos de un contexto,Y,,,,
F-IF.4-6,El alumno interpreta el comportamiento de las funciones que surgen en las aplicaciones en términos del contexto,Interpretación de una relación entre dos cantidades en una tabla o gráfico en términos de características clave,Y,,,,
,,Uso de descripciones verbales de características clave para graficar una función,Y,,,,
,,"Relación del dominio de una función con su gráfica y, cuando proceda, con la relación cuantitativa que describe",Y,,,,
,,Cálculo e interpretación de la tasa de cambio promedio de una función (presentada simbólicamente o como una tabla) en un intervalo especificado,N,,,,
,,Estimación de la tasa de cambio de un gráfico,N,,,,
F-IF.7-9,El estudiante utiliza diferentes representaciones de una función para hacer generalizaciones sobre las características clave del comportamiento de la función y para comparar las funciones entre sí,"Gráficos de funciones lineales y cuadráticas que muestran intercepciones, máximos y mínimos",N,,,,
,,"Gráficos de raíz cuadrada, raíz cúbica, y funciones definidas por partes, incluyendo funciones escalonadas.",N,,,,
,,"Gráfico de funciones polinomiales, identificando ceros cuando están disponibles factorizaciones adecuadas, y muestra el comportamiento final.",N,,,,
,,"Graficar las funciones racionales, identificando ceros y asíntotas cuando estén disponibles factorizaciones adecuadas, y mostrando comportamiento final",N,,,,
,,"Gráficos de funciones exponenciales y logarítmicas, mostrando intercepciones y comportamiento final.",N,,,,
,,"Utilizar el proceso de factoraje y completar el cuadrado en la función acuadratica para mostrar ceros, valores extremos y simetría del grafo e interpretarlos en términos de un contexto.",N,,,,
,,Uso de propiedades de exponentes para interpretar expresiones para funciones exponenciales y clasificarlas como crecimiento exponencial o decaimiento.,N,,,,
,,"Comparación de propiedades de dos funciones representadas cada una de manera diferente (algebraicamente, gráficamente, numéricamente en tablas o por descripciones verbales)",Y,,,,
F-LE.1-4,"El alumno construye modelos lineales, cuadráticos y exponenciales para resolver problemas",Determinación de si una situación puede ser modelada con una función lineal o exponencial,Y,,,,
,,"Uso de pruebas para demostrar que las funciones lineales crecen por diferencias iguales a intervalos iguales, y que las funciones exponenciales crecen por factores iguales a intervalos iguales",N,,,,
,,Identificación de situaciones en las que una cantidad cambia a una velocidad constante por unidad de intervalo con respecto a otra,Y,,,,
,,Identificación de situaciones en las que una cantidad crece o disminuye en un porcentaje constante por unidad de intervalo con respecto a otra,N,,,,
,,"Construcción de funciones lineales y exponenciales, incluyendo secuencias aritméticas y geométricas a partir de un gráfico, una descripción de una relación, o dos pares de entrada-salida (incluya la lectura de estos de una tabla).NOTA: Limite a pares de entrada-salida consecutivos para funciones exponenciales",Y,,,,
,,"Uso de gráficos y tablas para mostrar que una cantidad que aumenta exponencialmente eventualmente excede una cantidad que aumenta linealmente, cuadráticamente o (más generalmente) como una función polinomial",N,,,,
F-LE.5,El estudiante interpreta expresiones de funciones en función de las situaciones que ellos modelan,1. interpretación de los parámetros en una función lineal o exponencial en función de un contexto,Y,,,,
A-SSE.1-2,El alumno interpreta la estructura de las expresiones para resolver problemas en contexto,1. interpretación de expresiones que representan una cantidad en contexto,Y,,,,
,,"2. interpretación de términos, factores y coeficientes de una expresión",Y,,,,
,,3. interpretación de expresiones complicadas viendo una o más de sus partes como una sola entidad,Y,,,,
,,"4. manipulación de la estructura de una expresión, por ejemplo, escribiendo x4 y4 como una diferencia de cuadrados",N,,,,
A-SSE.3-4,El estudiante resuelve problemas escribiendo expresiones en formas equivalentes,1. transformación de expresiones para funciones exponenciales usando propiedades de exponentes,N,,,,
,,2. derivación de la fórmula para la suma de una serie geométrica finita (cuando la razón común no es 1),N,,,,
,,3. uso de la fórmula para la suma de una serie geométrica finita para resolver problemas,N,,,,
A-APR.1,"El estudiante realiza operaciones (adición, sustracción y multiplicación) con polinomios","1. descripción del sistema de polinomios como cerrado bajo las operaciones de suma, resta y multiplicación",N,,,,
,,"2. suma, resta y multiplicación de polinomios",N,,,,
A-APR.2-3,El alumno identifica y utiliza la relación entre ceros y factores de polinomios,1. uso del Teorema del Resto para identificar factores de un polinomio p (x),N,,,,
,,2. uso del factoraje para identificar ceros de polinomios,N,,,,
,,3. Uso de los ceros de una función polinomial para construir un gráfico aproximado de la función,N,,,,
A-APR.4,El alumno resuelve problemas mediante el uso de identidades polinomiales,1. pruebas de identidades polinomiales,N,,,,
,,2. uso de identidades polinomiales para describir relaciones numéricas,N,,,,
A-APR.6,El estudiante reescribe expresiones racionales,1. manipulación de expresiones racionales simples para escribirlas en diferentes formas,N,,,,
,,"(X) / b (x) en la forma q (x) + r (x) / b (x), donde el uso de la inspección, división larga o (para ejemplos más complicados) A (x), b (x), q (x) y r (x) son polinomios con el grado de r (x) menor que el grado de b (x)",N,,,,
A-CED.1-4,El estudiante resuelve ecuaciones y desigualdades en una o más variables que describen números o relaciones,"1. creación de ecuaciones y desigualdades en una variable, incluyendo funciones lineales y cuadráticas, funciones radicales y exponenciales simples",Y,,,,
S-ID.1-4,El estudiante utiliza técnicas de resumen de datos para ayudar a la interpretación de un solo conteo o variable de medición,"1. trazos en la línea numérica real (gráficos de puntos, histogramas y gráficos de cuadros) para representar datos",N,,,,
,,"2. comparación de dos o más conjuntos de datos diferentes por medida de centro (mediana, media) y extensión (rango intercuartílico) apropiada a la forma de la distribución de datos",N,,,,
S-ID.5-6,El alumno utiliza técnicas de resumen de datos para facilitar la interpretación de dos variables categóricas y cuantitativas,1. uso de tablas de frecuencia bidireccionales para resumir los datos categóricos para dos categorías,N,,,,
,,"2. interpretación de las frecuencias relativas en el contexto de los datos (incluidas las frecuencias relativas conjuntas, marginales y condicionales)",N,,,,
,,3. Identificación de posibles asociaciones y tendencias en los datos,N,,,,
,,4. Uso de un diagrama de dispersión para representar datos sobre dos variables cuantitativas y describir cómo se relacionan las variables,N,,,,
,,"5. uso de una función lineal, cuadrática o exponencial para que coincida con una función con los datos",N,,,,
,,6. utilización de funciones adaptadas a los datos para resolver problemas en el contexto de los datos,N,,,,
,,7. Evaluación informal del ajuste de una función mediante el trazado y el análisis de los residuos,N,,,,
,,8. Determinación de una función lineal para un diagrama de dispersión que sugiere una asociación lineal,N,,,,
S-ID.7-9,El estudiante interpreta modelos lineales que representan datos,1. uso del contexto de los datos para interpretar la pendiente (tasa de cambio) y la intercepción (término constante) de un modelo lineal,N,,,,
,,2. Uso de la tecnología para calcular (utilizando tecnología) e interpretar el coeficiente de correlación de un ajuste lineal,N,,,,
,,3. Identificación de la diferencia entre correlación y causalidad,N,,,,
N-CN,"El estudiante realiza operaciones (adición, sustracción y multiplicación) con números complejos","1. uso del número imaginario i, tal que i ^ 2 = _1, para escribir números complejos en la forma a + bi con a y b reales",N,,,,
,,"2. uso de las propiedades conmutativas, asociativas y distributivas para sumar, restar y multiplicar números complejos",N,,,,
N-CN.7,El estudiante usa números complejos en identidades polinomiales y ecuaciones,1. solución de ecuaciones cuadráticas con coeficientes reales que tienen soluciones complejas,N,,,,
,,2. solución de problemas utilizando ecuaciones y desigualdades en una variable,N,,,,
,,3. representación de relaciones entre dos cantidades por ecuaciones en dos o más variables,N,,,,
,,4. Uso de ejes de coordenadas con etiquetas y escalas para graficar ecuaciones,N,,,,
,,"5. Uso de restricciones de problemas para interpretar soluciones como viables o no viables en el modelado de una ecuación, desigualdad o sistemas de ecuaciones y / o desigualdades",Y,,,,
,,6. manipulación de una fórmula para resolver una variable específica para resaltar una determinada cantidad de interés,N,,,,
F-BF.1-2,El estudiante modela una relación entre dos cantidades construyendo una función,4. uso de fórmulas recursivas y explícitas para escribir secuencias aritméticas y geométricas para modelar situaciones,N,,,,
,,5. traducción entre formas recursivas y explícitas,N,,,,
F-BF.3-4,El estudiante construye nuevas funciones a partir de las funciones existentes.,"1. Identificación del efecto en la gráfica de sustitución de f (x) por f (x) + k, kf (x), f (kx) yf (x + k) para valores específicos de k (positivos y negativos ).",N,,,,
,,2. determinación del valor de k dado un gráfico,N,,,,
,,3. el uso de la tecnología para experimentar con casos para ilustrar y explicar el efecto de los cambios algebraicos en la gráfica de una función,N,,,,
,,4. Inversión de una función,N,,,,
,,5. solución de una ecuación de la forma f (x) = c para una función simple f que tiene una inversa para escribir la inversa,N,,,,
F-TF.1-2,El alumno utiliza el círculo unitario para extender el dominio de las funciones trigonométricas,1. Uso de la medida del radian para representar la longitud del arco en el círculo unitario subtendido por el ángulo,N,,,,
,,2. extensión de funciones trigonométricas a todos los números reales usando el círculo unitario en el plano de coordenadas,N,,,,
,,3 interpretación de medidas de radianes como ángulos que se recorren en sentido contrario a las agujas del reloj alrededor del círculo unitario,N,,,,
F-TF.5,El estudiante modela fenómenos periódicos con funciones trigonométricas,"1. Selección de funciones trigonométricas que modelan fenómenos periódicos con amplitud, frecuencia y línea mediana especificadas",N,,,,
F-TF.8,El alumno utiliza identidades trigonométricas en pruebas y aplicaciones,"1. uso de la identidad pitagórica sen2 (_) + cos2 (_) = 1 para hallar sin (_), cos (_) o tan (_) dado pecado (_), cos (_) o tan ) Y el cuadrante del ángulo",N,,,,
G-GPE.1-2,El estudiante traduce entre la descripción geométrica y la ecuación para una sección cónica,3. uso de un enfoque y una directriz dada para derivar la ecuación de una parábola,N,,,,
S-IC.1-2,El alumno evalúa los procesos aleatorios subyacentes a los experimentos estadísticos,1. explicación de las estadísticas como un proceso para hacer inferencias sobre los parámetros de la población basados ??en una muestra aleatoria de esa población,N,,,,
,,2. determinar si un modelo especificado es coherente con los resultados de un determinado proceso generador de datos,N,,,,
S-IC.3-6,"El estudiante hace inferencias justificables de encuestas por muestreo, experimentos y estudios observacionales","1. Identificación de los propósitos y diferencias entre las encuestas por muestreo, los experimentos y los estudios observacionales",N,,,,
,,"2. explicación de cómo se relaciona la aleatorización con encuestas por muestreo, experimentos y estudios observacionales",N,,,,
,,3. uso de datos de una encuesta por muestreo para estimar una media o proporción de población,N,,,,
,,4. uso de modelos de simulación para el muestreo aleatorio para desarrollar un margen de error,N,,,,
,,5. Uso de los datos de un experimento aleatorio para comparar dos tratamientos,N,,,,
,,6. uso de simulaciones para decidir si las diferencias entre los parámetros son significativas,N,,,,
,,7. Evaluación de informes basados ??en datos,N,,,,
S-CP.1-5,El estudiante utiliza la independencia y la probabilidad condicional para interpretar los datos,1. descripción de los eventos como subconjuntos de un espacio muestral (el conjunto de resultados) utilizando las características (o categorías) de los resultados,N,,,,
,,"2. uso de uniones, intersecciones o complementos (o, y, no) para describir los eventos",N,,,,
,,3. Determinación de si dos eventos A y B son independientes al identificar la probabilidad de que A y B se produzcan conjuntamente como el producto de sus probabilidades individuales,N,,,,
,,4. Identificación de probabilidad condicional de A dado B como P (A y B) / P (B),N,,,,
,,"5. interpretación de la independencia de A y B como diciendo que la probabilidad condicional de A B dado es la misma que la probabilidad de A, y la probabilidad condicional de B dada A es la misma que la probabilidad de B",N,,,,
,,6. construcción e interpretación de tablas de frecuencia bidireccionales de datos cuando se asocian dos categorías con cada objeto que se clasifica,N,,,,
,,7. Uso de la tabla de dos vías como un espacio de muestra para decidir si los eventos son independientes y para aproximar las probabilidades condicionales,N,,,,
,,8. uso del lenguaje y situaciones cotidianas para explicar los conceptos de probabilidad condicional e independencia,N,,,,
S-CP.6-7,El alumno calcula las probabilidades de eventos compuestos en un modelo de probabilidad uniforme usando las reglas de probabilidad,"1. determinación de la probabilidad condicional de A dado B como la fracción de resultados de B que también pertenecen a A, e interpretar la respuesta en términos del modelo",N,,,,
,,"2. Determinación de la probabilidad condicional de A dado B como la fracción de los resultados de B que también pertenecen a A, e interpretar la respuesta en términos del modelo.",N,,,,
BS-M,El estudiante modela un problema en contexto y determina los datos necesarios para describir el problema,Identificando qué cantidades son fijas y cuáles son variables,Y,,,,
,,"Identificar el tipo de datos de una cantidad dada, en el contexto",Y,,,,
,,Identificar la diferencia entre tipos y valores,Y,,,,
BS-CE,"El estudiante traduce entre expresiones estructuradas como aritmética, código y círculos de evaluación",Traduciendo una ecuación simple (1 operación) en un Círculo de Evaluación,Y,,,,
,,Traduciendo una ecuación anidada (multi-operación) en un Círculo de Evaluación,Y,,,,
,,Traduciendo un Círculo de Evaluación en su expresión aritmética equivalente,Y,,,,
,,Traduciendo un círculo de evaluación en su sintaxis de programación equivalente,Y,,,,
BS-IDE,"El estudiante está familiarizado con el uso de un REPL, introduciendo correctamente las expresiones e interpretando los mensajes de error",Introducir y evaluar expresiones en el ordenador,Y,,,,
,,Busque mensajes de error como una forma de diagnosticar errores de sintaxis,Y,,,,
BS-PL.1,El estudiante está familiarizado con declarar valores y aplicar funciones predefinidas usando el lenguaje de programación,"Representar valores (numéricos, de cadena, booleanos o de imagen) en el lenguaje de programación",Y,,,,
,,Interpretar una aplicación de función e identificar sus argumentos,Y,,,,
BS-PL.2,El estudiante se siente cómodo usando y escribiendo Contratos para las funciones incorporadas,Que representa la entrada y salida de una función mediante un contrato,Y,,,,
,,"Identificar el uso correcto e incorrecto de una función, basado en su contrato",Y,,,,
,,Utilizando una función haciendo referencia a su contrato,Y,,,,
BS-PL.3,El alumno es capaz de utilizar la sintaxis del lenguaje de programación para definir valores y funciones,Definición y recuperación de valores,Y,,,,
,,Escribir casos de prueba,Y,,,,
,,Definición y uso de funciones,Y,,,,
BS-PL.4,El estudiante está familiarizado con la sintaxis para condicionales,definición y uso de las funciones que implican condicionales,Y,,,,
BS-DR.1,El estudiante es capaz de traducir un ejercicio de aplicación en un Contrato y Declaración de Propósito,"le presente un problema, identificar el dominio y rango de una función",Y,,,,
,,"le presente un problema, escribir una declaración de propósito (es decir, - reescribir el problema en sus propias palabras)",Y,,,,
BS-DR.2,El estudiante puede derivar casos de prueba para un determinado contrato y declaración de propósito,"dado un contrato y una declaración de propósito, escribir varios ejemplos o casos de prueba",Y,,,,
,,"la identificación de casos de prueba correctas e incorrectas para una función, en función de su contrato",Y,,,,
,,"dado múltiples ejemplos, identificar los patrones con el fin de etiquetar y nombrar las variables",Y,,,,
BS-DR.3,"Teniendo en cuenta múltiples casos de prueba, el estudiante puede definir una función","dado ejemplos y etiquetados variable (s), definir la función",Y,,,,
,,"la identificación de las definiciones correctas e incorrectas para una función, sobre la base de sus casos de prueba",Y,,,,
BS-DR.4,El estudiante puede resolver problemas que involucran estructuras de datos,escribir ejemplos para una función que prodiuces una estructura de datos,N,N,,,
,,escribir funciones que producen estructuras de datos,N,N,,,
,,escribir funciones definidas a trozos que consumen y producen estructuras de datos,N,N,,,
BS-DS.1,El estudiante es capaz de leer bloques de datos,"dado un bloque de datos, identificar que se trata de una estructura de datos",N,Y,,,
,,"dado un bloque de datos, identificar la función constructora y punto-descriptores de acceso",N,Y,,,
,,"dado un bloque de datos, identificar los tipos de datos correctos para cada campo de esa estructura",N,Y,,,
,,"dado un bloque de datos, crear instancias de la estructura de datos",N,N,,,
,,"dado un bloque de datos, utilizar tramas de puntos de acceso para acceder a los campos de la estructura de datos",N,N,,,
BS-DS.2,El estudiante es capaz de resolver problemas utilizando estructuras de datos,identificar los problemas que requieren el uso de una estructura de datos,N,N,,,
,,"dado un problema, definir una estructura de datos",N,N,,,
,,agregar campos a una estructura de datos preexistente,N,N,,,
BS-R,El estudiante es capaz de escribir programas interactivos utilizando el constructo 'Reactor',identificar cómo una función de actualización cambia una estructura de datos,N,Y,,,
,,identificar cómo una función de dibujo crea una imagen estática,N,Y,,,
,,identificar cómo un reactor utiliza funciones de dibujo y actualización para crear una animación,N,N,,,
,,Determinación de las funciones trabajan juntos para crear y mantener un programa complejo,N,N,,,
,,modificar partes de un programa complejo mediante la alteración de las funciones o estructuras de datos,N,N,,,
BS-PL.P,El estudiante se sienta cómodo utilizando la sintaxis Pyret para la receta de Diseño,,N,N,,,aparece sin usar
,,,,,,,
MP.1,Dar sentido a los problemas y perseverar en resolverlos,,Y,,,,
MP.2,Razón abstracta y cuantitativa,,N,,,,
MP.3,Construir argumentos viables y criticar el razonamiento de los demás,,N,,,,
MP.4,Modelo con las matemáticas,,N,,,,
MP.5,Utilizar las herramientas adecuadas estratégicamente,,N,,,,
MP.6,Atención a la precisión,,N,,,,
MP.7,Buscar y hacer uso de la estructura,,Y,,,,
,,,,,,,
Creativity 1.1.1,Aplicar un proceso de desarrollo creativo en la creación de artefactos computacionales.,"Un proceso creativo en el desarrollo de un artefacto computacional puede incluir, pero no se limitan a, el empleo de técnicas no tradicionales, no prescritos; el uso de nuevas combinaciones de artefactos, herramientas y técnicas; y la exploración de las curiosidades personales.",N,,,,
,,"La creación de artefactos computacionales emplea un proceso iterativo y, a menudo exploratoria para traducir las ideas en forma tangible.",N,,,,
Creativity 1.2.1,Crear un artefacto computacional para la expresión creativa.,"Un artefacto computacional es algo creado por un humano utilizando un ordenador y puede ser, pero no se limita a, un programa, una imagen, audio, video, una presentación, o un archivo de página web.",N,,,,
,,La creación de artefactos computacionales requiere la comprensión y el uso de herramientas de software y servicios.,N,,,,
,,"herramientas y técnicas de computación se utilizan para crear artefactos computacionales y pueden incluir, pero no se limitan a, IDEs de programación, hojas de cálculo, impresoras 3D, o editores de texto.",N,,,,
,,"Un artefacto computacional desarrollado creativamente se puede crear mediante el uso de técnicas de computación, no prescritos no tradicionales.",N,,,,
,,expresiones creativas en un artefacto computacional pueden reflejar expresiones personales de ideas o intereses.,N,,,,
Creativity 1.2.2,Crear un artefacto computacional utilizando herramientas y técnicas de computación para resolver un problema.,herramientas y técnicas de computación pueden mejorar el proceso de encontrar una solución a un problema.,N,,,,
,,Un proceso de desarrollo creativo para la creación de artefactos computacionales se puede utilizar para resolver problemas cuando las técnicas tradicionales de computación o recetados no son eficaces.,N,,,,
Creativity 1.2.3,Crear un nuevo artefacto computacional mediante la combinación o modificación de los artefactos existentes.,Creación de artefactos de cálculo se puede hacer mediante la combinación y modificación de los artefactos existentes o mediante la creación de nuevos artefactos.,N,,,,
,,Computación facilita la creación y modificación de artefactos computacionales con mayor detalle y precisión.,N,,,,
,,La combinación o modificación de los artefactos existentes puede mostrar la expresión personal de las ideas.,N,,,,
Creativity 1.2.4,Colaborar en la creación de artefactos computacionales.,Un artefacto computacional creado en colaboración refleja el esfuerzo por más de una persona.,N,,,,
,,equipos de colaboración eficaces consideran el uso de herramientas de colaboración en línea.,N,,,,
,,"equipos de colaboración eficaces practican la comunicación interpersonal, la creación de consenso, la resolución de conflictos y negociación.",N,,,,
,,estrategias de colaboración eficaces mejoran el rendimiento.,N,,,,
,,La colaboración facilita la aplicación de múltiples perspectivas (incluyendo las perspectivas socioculturales) y diversos talentos y habilidades en el desarrollo de artefactos computacionales.,N,,,,
,,Un artefacto creado en colaboración computacional puede reflejar expresiones personales de las ideas.,N,,,,
Creativity 1.2.5,"Analizar la exactitud, facilidad de uso, funcionalidad y adecuación de artefactos computacionales.","El contexto en el que se utiliza un artefacto determina la exactitud, facilidad de uso, funcionalidad y adecuación del artefacto.",N,,,,
,,"Un artefacto computacional puede tener debilidades, errores, o errores en función del tipo de artefacto.",N,,,,
,,La funcionalidad de un artefacto de cálculo puede estar relacionado con la forma en que se utiliza o se percibe.,N,,,,
,,La idoneidad (o conveniencia) de un artefacto computacional pueden estar relacionados con la forma en que se utiliza o se percibe.,N,,,,
Creativity 1.3.1,Utilizar herramientas y técnicas de computación para la expresión creativa.,"Creación de efectos digitales, imágenes, audio, video, animaciones y tiene industrias transformadas.",N,,,,
,,"de audio y la música digital se pueden crear mediante la síntesis de sonidos, el muestreo de audio y música existente, y la grabación y la manipulación de sonidos, incluyendo capas y bucles.",N,,,,
,,"Las imágenes digitales se pueden crear mediante la generación de patrones de píxeles, la manipulación de imágenes digitales existentes, o la combinación de imágenes.",N,,,,
,,Los efectos digitales y animaciones se pueden crear mediante el uso de software existente o la modificación del software que incluye funcionalidad para implementar los efectos y animaciones.,N,,,,
,,Computing permite la exploración creativa de ambos fenómenos reales y virtuales.,N,,,,
Abstraction 2.1.1,Describir la variedad de las abstracciones utilizadas para representar los datos.,Los datos digitales se representa mediante abstracciones a diferentes niveles.,N,,,,
,,"En el nivel más bajo, todos los datos digitales están representados por los bits.",N,,,,
,,"En un nivel superior, los bits se agrupan para representar abstracciones, incluyendo, pero no limitado a, números, caracteres y color.",N,,,,
,,"bases numéricas, incluyendo binario, decimal y hexadecimal, se utilizan para representar e investigar datos digitales.",N,,,,
,,"En uno de los niveles más bajos de abstracción, los datos digitales se representa en binario (base 2) usando sólo las combinaciones de los dígitos cero y uno.",N,,,Declaración de la exclusión (2.1.1E): Dos s conversiones del complemento están más allá del alcance de este curso y el examen AP.,
,,Hexadecimal (base 16) se utiliza para representar datos digitales porque representación hexadecimal utiliza menos dígitos que binario.,N,,,,
,,Los números se pueden convertir de cualquier base a ningún otro soporte.,N,,,,
Abstraction 2.1.2,Explica cómo las secuencias binarias se utiliza para representar datos digitales.,Una representación finita se utiliza para modelar el concepto matemático infinito de un número.,N,,,Declaración de la exclusión (2.1.2): representaciones binarias de notación científica están más allá del alcance de este curso y el examen AP.,
,,"En muchos lenguajes de programación, el número fijo de bits utilizados para representar los caracteres o números enteros limita el rango de valores enteros y operaciones matemáticas; Esta limitación puede dar lugar a exceso de capacidad o otros errores.",N,,,"Declaración de la exclusión (2.1.2B): limitaciones en el alcance de cualquier idioma, compilador, o la arquitectura están más allá del alcance de este curso y el examen AP.",
,,"En muchos lenguajes de programación, el número fijo de bits utilizado para representar los números reales (como números de coma flotante) limita el rango de valores de punto flotante y operaciones matemáticas; esta limitación puede dar lugar a redondeo y otros errores.",N,,,,
,,La interpretación de una secuencia binaria depende de cómo se utiliza.,N,,,,
,,Una secuencia de bits puede representar instrucciones o datos.,N,,,,
,,Una secuencia de bits puede representar diferentes tipos de datos en diferentes contextos.,N,,,,
Abstraction 2.2.1,Desarrollar una abstracción al escribir un programa o crear otros artefactos computacionales.,El proceso de desarrollo de una abstracción implica la eliminación de los detalles y la generalización de la funcionalidad.,N,,,,
,,Una abstracción extrae los rasgos comunes de los ejemplos específicos a fin de generalizar conceptos.,N,,,,
,,Una abstracción generaliza la funcionalidad con los parámetros de entrada que permiten la reutilización del software.,N,,,Declaración de la exclusión (2.2.1C): Una comprensión de la diferencia entre los parámetros de valor y de referencia está más allá del alcance de este curso y el examen AP.,
Abstraction 2.2.2,El uso de múltiples niveles de abstracción para escribir programas.,"El software se desarrolla utilizando múltiples niveles de abstracción, como constantes, expresiones, declaraciones, procedimientos y bibliotecas.",N,,,,
,,Ser consciente de y el uso de múltiples niveles de abstracción en el desarrollo de programas de ayuda a aplicar de manera más eficaz los recursos y herramientas disponibles para resolver los problemas.,N,,,,
Abstraction 2.2.3,Identificar múltiples niveles de abstracción que se utilizan al escribir programas.,Diferentes lenguajes de programación ofrecen diferentes niveles de abstracción.,N,,,Declaración de la exclusión (2.2.3): El conocimiento de las capacidades de abstracción de todos los lenguajes de programación está más allá del alcance de este curso y el examen AP.,
,,lenguajes de programación de alto nivel proporcionan más abstracciones para el programador y hacen que sea más fácil para las personas a leer y escribir un programa.,N,,,,
,,Código en un lenguaje de programación a menudo se traduce en un código en otro idioma (de bajo nivel) que se ejecuta en un ordenador.,N,,,,
,,"En una jerarquía de abstracción, mayores niveles de abstracción (los conceptos más generales) serían colocados hacia la parte superior y de nivel inferior abstracciones (los conceptos más específicos) hacia la parte inferior.",N,,,,
,,"Los datos binarios es procesado por capas físicas de hardware de computación, incluyendo puertas, chips y componentes.",N,,,,
,,Una puerta lógica es una abstracción de hardware que está modelado por una función booleana.,N,,,Declaración de la exclusión (2.2.3F): La memorización de las representaciones visuales de compuerta específica está más allá del alcance de este curso y el examen AP.,
,,Un chip es una abstracción compuesta de componentes de bajo nivel y los circuitos que realizan una función específica.,N,,,,
,,"Un componente de hardware puede ser de bajo nivel, como un transistor o de alto nivel como una tarjeta de vídeo.",N,,,,
,,"El hardware se construye a partir de múltiples niveles de abstracción, tales como transistores, puertas lógicas, chips, memoria, placas base, tarjetas fines especiales, y dispositivos de almacenamiento.",N,,,,
,,"Aplicaciones y sistemas están diseñados, desarrollados, y se analizaron usando niveles de hardware, software y abstracciones conceptuales.",N,,,,
,,"abstracciones de nivel inferior se pueden combinar para hacer abstracciones de nivel superior, tales como servicios de mensajes cortos (SMS) o mensajes de correo electrónico, imágenes, archivos de audio y videos",N,,,,
Abstraction 2.3.1,Usar modelos y simulaciones para representar fenómenos.,Modelos y simulaciones son representaciones simplificadas de objetos más complejos o fenómenos.,N,,,,
,,Los modelos pueden utilizar diferentes abstracciones o niveles de abstracción en función de los objetos o fenómenos que se plantean.,N,,,,
,,Modelos a menudo omiten las características innecesarias de los objetos o fenómenos que están siendo modelado.,N,,,,
,,Las simulaciones imitan los eventos del mundo real sin el coste o el peligro de la construcción y prueba de los fenómenos en el mundo real.,N,,,,
Abstraction 2.3.2,"Utilizar modelos y simulaciones para formular, refinar y probar hipótesis.",Modelos y simulaciones facilitan la formulación y el perfeccionamiento de hipótesis relacionadas con los objetos o fenómenos que se examinan.,N,,,,
,,Las hipótesis están formuladas para explicar los objetos o fenómenos que está siendo modelado.,N,,,,
,,Las hipótesis se refinan mediante el examen de los puntos de vista que los modelos y simulaciones proporcionan en los objetos o fenómenos.,N,,,,
,,Los resultados de las simulaciones pueden generar nuevos conocimientos y nuevas hipótesis relacionadas con los fenómenos que se está modelando.,N,,,,
,,"Las simulaciones permiten hipótesis a contrastar, sin las limitaciones del mundo real.",N,,,,
,,Las simulaciones pueden facilitar la prueba extensa y rápida de los modelos.,N,,,,
,,"El tiempo requerido para las simulaciones se ve afectada por el nivel de detalle y la calidad de los modelos, y el software y el hardware utilizado para la simulación.",N,,,,
,,La prueba rápida y extensa permite que los modelos sean cambiados para reflejar con precisión los objetos o fenómenos que está siendo modelado.,N,,,,
Data 3.1.1,"Utilizar los ordenadores para procesar la información, encontrar patrones, y probar hipótesis acerca de la información procesada digitalmente para ganar la penetración y el conocimiento. [P4]",Las computadoras se usan de forma iterativa e interactivo en el tratamiento de la información digital para ganar la penetración y el conocimiento.,N,,,,
,,La información digital se puede filtrar y limpiarse mediante el uso de ordenadores para procesar la información.,N,,,,
,,"La combinación de fuentes de datos, los datos de agrupamiento y clasificación de datos son parte del proceso de utilización de los ordenadores para procesar la información.",N,,,,
,,Visión y conocimiento se pueden obtener de la traducción y la transformación de la información representada digitalmente.,N,,,,
,,Los patrones pueden surgir cuando los datos se transformó utilizando herramientas computacionales.,N,,,,
Data 3.1.2,Colaborar en el tratamiento de la información para ganar la penetración y el conocimiento.,La colaboración es una parte importante de la solución de problemas basadas en datos.,N,,,,
,,"La colaboración facilita la resolución de problemas de cálculo mediante la aplicación de múltiples perspectivas, experiencias y habilidades.",N,,,,
,,La comunicación entre los participantes que trabajan en problemas basados ??en datos da lugar a ideas y conocimientos mejorados.,N,,,,
,,"Colaboración en el desarrollo de hipótesis y preguntas, y en la prueba de hipótesis y respondiendo preguntas, acerca de los datos ayuda a los participantes obtener una visión y conocimiento.",N,,,,
,,Colaborar cara a cara y el uso de herramientas de colaboración en línea puede facilitar el procesamiento de la información para ganar la penetración y el conocimiento.,N,,,,
,,La investigación de grandes conjuntos de datos en colaboración puede conducir a la comprensión y el conocimiento no se obtiene cuando se trabaja solo.,N,,,,
Data 3.1.3,"Explicar la visión y los conocimientos adquiridos a partir de los datos procesados ??digitalmente mediante el uso de visualizaciones apropiadas, anotaciones y lenguaje preciso.",Las herramientas de visualización y software pueden comunicar información sobre los datos.,N,,,,
,,"Tablas, diagramas y pantallas de texto se pueden utilizar en la comunicación de la penetración y el conocimiento obtenido de los datos.",N,,,,
,,Resúmenes de los datos analizados computacionalmente pueden ser eficaces en la comunicación de la penetración y el conocimiento obtenido de la información representada digitalmente.,N,,,,
,,La transformación de la información puede ser eficaz en la comunicación de los conocimientos obtenidos a partir de datos.,N,,,,
,,La interactividad con los datos es un aspecto de la comunicación.,N,,,,
Data 3.2.1,"Extraer información de los datos para descubrir y explicar las conexiones, patrones o tendencias.",grandes conjuntos de datos proporcionan oportunidades y desafíos para la extracción de la información y el conocimiento.,N,,,,
,,"grandes conjuntos de datos proporcionan oportunidades para la identificación de tendencias, hacer las conexiones en los datos, y la resolución de problemas.",N,,,,
,,herramientas informáticas facilitan el descubrimiento de las conexiones de la información dentro de grandes conjuntos de datos.,N,,,,
,,herramientas de búsqueda son esenciales para la búsqueda de información de manera eficiente.,N,,,,
,,sistemas de filtrado de información son herramientas importantes para la búsqueda de información y el reconocimiento de patrones en la información.,N,,,,
,,"Las herramientas de software, incluyendo hojas de cálculo y bases de datos, ayudan a organizar de manera eficiente y encontrar las tendencias de la información.",N,,,Declaración de la exclusión (3.2.1F): No se espera que los estudiantes sepan fórmulas u opciones específicas disponibles en paquetes de hojas de cálculo o software de base de datos ..,
,,Los metadatos son datos acerca de datos.,N,,,,
,,"Los metadatos pueden ser datos descriptivos sobre una imagen, una página web, u otros objetos complejos.",N,,,,
,,"Los metadatos pueden aumentar el uso eficaz de los datos o conjuntos de datos, proporcionando información adicional acerca de diversos aspectos de esos datos.",N,,,,
Data 3.2.2,El uso de grandes conjuntos de datos para explorar y descubrir la información y el conocimiento.,"grandes conjuntos de datos incluyen datos tales como transacciones, mediciones, texto, sonido, imágenes y vídeo.",N,,,,
,,"El almacenamiento, la transformación, y el comisariado de grandes conjuntos de datos es un reto.",N,,,,
,,La estructuración de grandes conjuntos de datos para el análisis puede ser un reto.,N,,,,
,,El mantenimiento de la privacidad de grandes conjuntos de datos que contienen información personal puede ser un reto.,N,,,,
,,Escalabilidad de los sistemas es una consideración importante cuando los conjuntos de datos son grandes.,N,,,,
,,El tamaño o escala de un sistema que almacena datos afecta la forma en que se utiliza el conjunto de datos.,N,,,,
,,El uso efectivo de grandes conjuntos de datos requiere soluciones computacionales.,N,,,,
,,"Las técnicas analíticas para almacenar, gestionar, difundir y conjuntos de datos de proceso cambian a medida que el tamaño de la escala de los conjuntos de datos.",N,,,,
Data 3.3.1,"Analizar cómo la representación de datos, almacenamiento, seguridad, y la transmisión de los datos implican la manipulación computacional de la información.","representaciones de datos digitales implican compensaciones relacionadas con las preocupaciones de almacenamiento, seguridad y privacidad.",N,,,,
,,Los problemas de seguridad engendran las compensaciones en el almacenamiento y transmisión de información.,N,,,,
,,Hay ventajas y desventajas en el uso de técnicas con pérdida y sin pérdida de compresión para almacenar y transmitir datos.,N,,,,
,,"la compresión de datos sin pérdidas reduce el número de bits almacenados o transmitidos, pero permite la reconstrucción completa de los datos originales.",N,,,,
,,la compresión de datos con pérdida puede reducir significativamente el número de bits almacenados o transmitidos en el costo de ser capaz de reconstruir sólo una aproximación de los datos originales.,N,,,,
,,Seguridad y privacidad preocupaciones surgen con los datos que contienen información personal.,N,,,,
,,"Los datos se almacenan en muchos formatos en función de sus características (por ejemplo, tamaño y uso previsto).",N,,,,
,,La elección del medio de almacenamiento afecta tanto a los métodos y los costes de manipulación de los datos que contiene.,N,,,,
,,La lectura de datos y la actualización de los datos tienen diferentes requisitos de almacenamiento.,N,,,,
Algorithms 4.1.1,Desarrollar un algoritmo para la implementación en un programa.,"Secuenciación, selección e iteración son bloques de construcción de algoritmos.",N,,,,
,,La secuencia es la aplicación de cada paso de un algoritmo en el orden en que se presentan los estados.,N,,,,
,,Selección utiliza una condición booleana para determinar cuál de las dos partes de un algoritmo se utiliza.,N,,,,
,,La iteración es la repetición de parte de un algoritmo hasta que se cumpla una condición o para un número determinado de veces.,N,,,,
,,Los algoritmos se pueden combinar para hacer nuevos algoritmos.,N,,,,
,,Usando algoritmos correctos existentes como bloques de construcción para la construcción de un nuevo algoritmo ayuda a asegurar el nuevo algoritmo es correcto.,N,,,,
,,El conocimiento de algoritmos estándar puede ayudar en la construcción de nuevos algoritmos.,N,,,,
,,Diferentes algoritmos se pueden desarrollar para resolver el mismo problema.,N,,,,
,,El desarrollo de un nuevo algoritmo para resolver un problema puede arrojar luz sobre el problema.,N,,,,
Algorithms 4.1.2,Expresar un algoritmo en un idioma.,"Idiomas para los algoritmos incluyen lenguaje natural, pseudocódigo, y lenguajes de programación visuales y textuales.",N,,,,
,,El lenguaje natural y pseudocódigo describen algoritmos para que los humanos pueden entender.,N,,,,
,,Algoritmos descritos en lenguajes de programación se pueden ejecutar en un ordenador.,N,,,,
,,Diferentes idiomas son más adecuados para expresar diferentes algoritmos.,N,,,,
,,Algunos lenguajes de programación están diseñados para dominios específicos y son mejores para expresar algoritmos en esos dominios.,N,,,,
,,"El lenguaje utilizado para expresar un algoritmo puede afectar a características tales como la claridad o la legibilidad, pero no si existe una solución algorítmica.",N,,,,
,,"Cada algoritmo puede construirse utilizando la secuenciación solamente, selección, y la iteración.",N,,,,
,,Casi todos los lenguajes de programación son equivalentes en términos de ser capaz de expresar cualquier algoritmo.,N,,,,
,,La claridad y la facilidad de lectura son consideraciones importantes en la expresión de un algoritmo en un lenguaje.,N,,,,
Algorithms 4.2.1,Explicar la diferencia entre los algoritmos que se ejecutan en un tiempo razonable y los que no se quede en un tiempo razonable.,Muchos problemas pueden ser resueltos en un tiempo razonable.,N,,,Declaración de la exclusión (LO 4.2.1): Cualquier discusión del polinomio no determinista (NP) está más allá del alcance de este curso y el examen AP.,
,,"tiempo razonable significa que a medida que crece el tamaño de entrada, el número de pasos que el algoritmo toma es proporcional al cuadrado (o cubo, cuarta potencia, quinta potencia, etc.) del tamaño de la entrada.",N,,,,
,,"Algunos problemas no pueden ser resueltos en un tiempo razonable, incluso para los pequeños tamaños de entrada.",N,,,,
,,"Algunos problemas se pueden resolver, pero no en un tiempo razonable. En estos casos, los enfoques heurísticas pueden ser útiles para encontrar soluciones en tiempo razonable.",N,,,,
Algorithms 4.2.2,Explicar la diferencia entre los problemas que tienen solución y sin solución en la informática.,Una heurística es una técnica que puede nos permitirá encontrar una solución aproximada en que los métodos típicos no logran encontrar una solución exacta.,N,,,Declaración de la exclusión (LO 4.2.2): La determinación de si un determinado problema es soluble o insoluble está más allá del alcance de este curso y el examen AP.,
,,Heurísticas pueden ser útiles para encontrar una solución aproximada con mayor rapidez cuando los métodos exactos son demasiado lentos.,N,,,Declaración de la exclusión (4.2.2B): soluciones heurísticas específicas están más allá del alcance de este curso y el examen AP.,
,,"Algunos problemas de optimización, tales como _find el mejor ""o _find el más pequeño"" no se puede resolver en un tiempo razonable, pero aproximaciones a la solución óptima puede.",N,,,,
,,Algunos problemas no se pueden resolver utilizando cualquier algoritmo.,N,,,,
Algorithms 4.2.3,Explicar la existencia de problemas indecidibles en la informática.,"Un problema undecidable puede tener instancias que tienen una solución algorítmica, pero no hay una solución algorítmica que resuelve todas las instancias del problema.",N,,,,
,,"Un problema decidible es uno en el que un algoritmo puede ser construido para responder a _Sí ""o _no"" para todas las entradas (por ejemplo, el número _is incluso? "").",N,,,,
,,Un problema indecidible es uno en el que ningún algoritmo puede ser construido de manera que siempre conduce a una correcta sí o ninguna respuesta.,N,,,Declaración de la exclusión (4.2.3C): La determinación de si un determinado problema es indecidible está más allá del alcance de este curso y el examen AP.,
Algorithms 4.2.4,"Evaluar los algoritmos de forma analítica y empíricamente para la eficiencia, exactitud y claridad.",La determinación de la eficiencia de un algoritmo s se realiza mediante un razonamiento formal o matemática sobre el algoritmo.,N,,,,
,,El análisis empírico de un algoritmo se realiza mediante la aplicación del algoritmo y ejecutarlo en diferentes entradas.,N,,,,
,,"La corrección de un algoritmo se determina por el razonamiento formal o matemáticamente sobre el algoritmo, no mediante pruebas de una implementación del algoritmo.",N,,,declaración de exclusión (4.2.4C): Formalmente probar la corrección del programa está más allá del alcance de este curso y el examen AP.,
,,Diferentes algoritmos correctos para un mismo problema pueden tener diferentes eficiencias.,N,,,,
,,"A veces, los algoritmos más eficientes son más complejas.",N,,,,
,,Encontrar un algoritmo eficiente para un problema puede ayudar a resolver grandes instancias del problema.,N,,,,
,,Eficiencia incluye tanto el tiempo de ejecución y el uso de memoria.,N,,,Declaración de la exclusión (4.2.4g): Análisis formal de algoritmos (Big-O) y el razonamiento formal utilizando fórmulas matemáticas están más allá del alcance de este curso y el examen AP.,
,,La búsqueda lineal se puede utilizar en la búsqueda de un elemento en cualquier lista; búsqueda binaria se puede utilizar sólo cuando la lista está ordenada.,N,,,,
Programming 5.1.1,"Desarrollar un programa para la expresión creativa, para satisfacer la curiosidad personal, o para crear nuevos conocimientos.",Los programas se desarrollan y se utilizan en una variedad de maneras por una amplia gama de personas en función de los objetivos del programador.,N,,,,
,,"Programas desarrollados para la expresión creativa, para satisfacer la curiosidad personal, o para crear nuevos conocimientos pueden tener entradas y salidas visuales, audibles o táctiles.",N,,,,
,,"Los programas desarrollados para la expresión creativa, para satisfacer la curiosidad personal, o para crear nuevos conocimientos podrán elaborarse con diferentes normas o métodos distintos programas desarrollados para su distribución generalizada.",N,,,,
,,Los resultados adicionales deseados pueden ejercerse independientemente del propósito original del programa.,N,,,,
,,"Un programa de ordenador o los resultados de la ejecución de un programa pueden comunicarse rápidamente con un gran número de usuarios y pueden tener un amplio impacto sobre los individuos, las organizaciones y la sociedad.",N,,,,
,,Los avances en la informática han generado y una mayor creatividad en otros campos.,N,,,,
Programming 5.1.2,Desarrollar un programa correcto para resolver problemas.,Un proceso iterativo de desarrollo del programa ayuda a desarrollar un programa correcto para resolver problemas.,N,,,,
,,El desarrollo de los componentes del programa correctas y luego combinarlos ayuda en la creación de programas correctos.,N,,,,
,,"la adición incremental de segmentos de programa para corregir probados, los programas de trabajo ayuda a crear grandes programas correctos.",N,,,,
,,documentación del programa ayuda a los programadores a desarrollar y mantener programas correctos para resolver problemas de manera eficiente.,N,,,,
,,"Documentación sobre los componentes del programa, tales como bloques y procedimientos, ayuda en el desarrollo y mantenimiento de programas.",N,,,,
,,Documentación de ayuda en el desarrollo y mantenimiento de programas cuando se trabaja individualmente o en entornos de programación de colaboración.,N,,,,
,,El desarrollo del programa incluye la identificación de usuario del programador y preocupaciones que afectan a la solución de problemas.,N,,,,
,,La consulta y la comunicación con los usuarios del programa es un aspecto importante del desarrollo de programas para resolver problemas.,N,,,,
,,conocimiento y habilidad Un programador s afecta a cómo se desarrolla un programa y cómo se utilizan para resolver un problema.,N,,,,
,,"Los diseños de un programador, implementa, pruebas, depura y mantiene programas en la resolución de problemas.",N,,,,
Programming 5.1.3,Colaborar en el desarrollo de un programa.,La colaboración puede disminuir el tamaño y complejidad de las tareas requeridas de programadores individuales.,N,,,,
,,La colaboración facilita múltiples perspectivas en el desarrollo de ideas para resolver problemas mediante la programación.,N,,,,
,,Colaboración en el desarrollo iterativo de un programa requiere diferentes habilidades que el desarrollo de un programa por sí solo.,N,,,,
,,La colaboración puede hacer que sea más fácil encontrar y corregir errores en el desarrollo de programas.,N,,,,
,,La colaboración facilita el desarrollo de los componentes del programa de forma independiente.,N,,,,
,,Se requiere una comunicación efectiva entre los participantes para el éxito de la colaboración en el desarrollo de programas.,N,,,,
Programming 5.2.1,Explican cómo los programas implementan algoritmos.,Los algoritmos se implementan mediante instrucciones de programa que se procesan durante la ejecución del programa.,N,,,,
,,Las instrucciones del programa se ejecutan secuencialmente.,N,,,,
,,"Las instrucciones del programa pueden incluir las variables que se inicializan y se actualizan, leen, y escritas.",N,,,,
,,La comprensión de procesamiento de instrucciones y la ejecución del programa es útil para la programación.,N,,,,
,,La ejecución del programa automatiza los procesos.,N,,,,
,,"Procesos de uso de memoria, una unidad de procesamiento central (CPU), y entrada y salida.",N,,,,
,,Un proceso puede ejecutar por sí mismo o con otros procesos.,N,,,,
,,Un proceso puede ejecutar en una o varias CPUs.,N,,,,
,,Los programas ejecutables aumentar la escala de los problemas que pueden abordarse.,N,,,,
,,algoritmos simples pueden resolver un gran conjunto de problemas cuando automatizado.,N,,,,
,,"Las mejoras en los algoritmos, el hardware, el software y aumentan los tipos de problemas y el tamaño de los problemas que pueden resolverse mediante la programación.",N,,,,
Programming 5.3.1,Utilice la abstracción para manejar la complejidad de los programas.,Los procedimientos son abstracciones de programación reutilizables.,N,,,,
,,Una función es una agrupación llamada de instrucciones de programación.,N,,,,
,,Procedimientos reducen la complejidad de la escritura y el mantenimiento de los programas.,N,,,,
,,Procedimientos tienen nombres y pueden tener parámetros y valores de retorno.,N,,,,
,,La parametrización se puede generalizar una solución específica.,N,,,,
,,Parámetros generalizan una solución al permitir una función para utilizar en lugar de código duplicado.,N,,,,
,,Parámetros proporcionan valores diferentes como entrada a los procedimientos cuando se les llama en un programa.,N,,,,
,,Abstracción de datos proporciona un medio de separación de comportamiento de la aplicación.,N,,,,
,,"Cuerdas y operaciones de cadenas, incluyendo concatenación y alguna forma de subcadena, son comunes en muchos programas.",N,,,,
,,Números enteros y números en coma flotante se utilizan en los programas sin necesidad de comprensión de cómo se implementan.,N,,,,
,,"Las listas y la lista de operaciones, tales como agregar, eliminar y búsqueda, son comunes en muchos programas.",N,,,,
,,El uso de listas y procedimientos como abstracciones de programación puede dar lugar a programas que son más fáciles de desarrollar y mantener.,N,,,,
,,interfaces de programación de aplicaciones (API) y las bibliotecas de simplificar las tareas complejas de programación.,N,,,,
,,Documentación para una API / biblioteca es un aspecto importante de la programación.,N,,,,
,,"API conectan los componentes de software, que les permite comunicarse.",N,,,,
Programming 5.4.1,Evaluar la exactitud de un programa.,estilo de programa puede afectar a la determinación de la corrección del programa.,N,,,,
,,Código duplicado puede hacer que sea más difícil de razonar acerca de un programa.,N,,,,
,,nombres significativos para las variables y procedimientos ayudan a la gente a entender mejor los programas.,N,,,,
,,bloques de código más largas son más difíciles de razonar acerca de los bloques de código más cortas en un programa.,N,,,,
,,Localizar y corregir errores en un programa que se llama el programa de depuración.,N,,,,
,,Se requiere un conocimiento de lo que un programa se supone que debe hacer con el fin de encontrar la mayoría de los errores del programa.,N,,,,
,,Ejemplos de comportamiento previsto en los insumos específicos ayudan a la gente a entender lo que se supone que un programa para hacer.,N,,,,
,,Los visualizadores (o diferentes modalidades) de estado del programa pueden ayudar en la búsqueda de errores.,N,,,,
,,Los programadores justificar y explicar la corrección de un programa s.,N,,,,
,,Justificación puede incluir una explicación por escrito sobre cómo un programa cumple sus especificaciones.,N,,,,
,,"La corrección de un programa depende de la exactitud de los componentes del programa, incluidos los tacos y los procedimientos de código.",N,,,,
,,Una explicación de un programa de ayuda a la gente a entender la funcionalidad y el propósito de la misma.,N,,,,
,,La funcionalidad de un programa se describe a menudo por cómo un usuario interactúa con él.,N,,,,
,,"La funcionalidad de un programa se describe mejor a un alto nivel por lo que hace el programa, no en el nivel inferior de la forma en las sentencias de programa de trabajo para lograr esto.",N,,,,
Programming 5.5.1,Emplear los conceptos matemáticos y lógicos adecuados en la programación.,Los números y conceptos numéricos son fundamentales para la programación.,N,,,,
,,Los enteros pueden estar limitados en los valores máximos y mínimos que se pueden representar en un programa debido a limitaciones de almacenamiento.,N,,,Declaración de la exclusión (5.5.1B): limitaciones en el alcance específico de todos los lenguajes de programación están más allá del alcance de este curso y el examen AP.,
,,"Los números reales se aproximan mediante representaciones de punto flotante, que no necesariamente tienen una precisión infinita.",N,,,Declaración de la exclusión (5.5.1C): conjuntos específicos de los valores que no pueden ser exactamente representados por números en coma flotante están más allá del alcance de este curso y el examen AP.,
,,Las expresiones matemáticas que utilizan operadores aritméticos son parte de la mayoría de los lenguajes de programación.,N,,,,
,,conceptos lógicos y el álgebra de Boole son fundamentales para la programación.,N,,,,
,,"expresiones compuestas utilizando y, o, y no forman parte de la mayoría de los lenguajes de programación.",N,,,,
,,razonamiento intuitivo y formal sobre los componentes del programa que utilizan los conceptos de Boole ayuda en el desarrollo de programas correctos.,N,,,,
,,métodos computacionales pueden utilizar listas y colecciones para resolver problemas.,N,,,,
,,Las listas y otras colecciones se pueden tratar como tipos de datos abstractos (ADT) en los programas de desarrollo.,N,,,,
,,"Funciones básicas de colecciones incluyen la adición de elementos, eliminar elementos, se itera sobre todos los elementos, y determinar si un elemento está en una colección.",N,,,,
Internet 6.1.1,Explicar las abstracciones en Internet y cómo funciona Internet.,La Internet conecta los dispositivos y redes de todo el mundo.,N,,,Declaración de la exclusión (LO 6.1.1): dispositivos específicos utilizados para implementar las abstracciones en Internet están más allá del alcance de este curso y el examen AP.,
,,Una arquitectura de extremo a extremo facilita la conexión de nuevos dispositivos y redes de Internet.,N,,,,
,,Dispositivos y redes que conforman Internet están conectados y se comunican usando direcciones y protocolos.,N,,,,
,,La Internet y los sistemas construidos en él facilitan la colaboración.,N,,,,
,,La conexión de nuevos dispositivos a Internet está habilitada por la asignación de una dirección de protocolo de Internet (IP).,N,,,,
,,"Internet se basa en la evolución de las normas, incluidas las de direcciones y nombres.",N,,,Declaración de la exclusión (6.1.1F): Los detalles específicos de cualquier norma en particular para las direcciones están más allá del alcance de este curso y el examen AP.,
,,El sistema de nombres de dominio (DNS) traduce los nombres a direcciones IP.,N,,,,
,,El número de dispositivos que podrían utilizar una dirección IP ha crecido tan rápido que un nuevo protocolo (IPv6) se ha establecido para manejar el enrutamiento de muchos más dispositivos.,N,,,,
,,"Normas tales como el protocolo de transferencia de hipertexto (HTTP), IP, y el protocolo simple de transferencia de correo (SMTP) se desarrollan y supervisados ??por la Internet Engineering Task Force (IETF).",N,,,,
Internet 6.2.1,Explicar las características de Internet y los sistemas construidos sobre el mismo.,La Internet y los sistemas construidos en él son jerárquicos y redundante.,N,,,,
,,La sintaxis del nombre de dominio es jerárquico.,N,,,,
,,Las direcciones IP son jerárquicas.,N,,,,
,,Enrutamiento en Internet es tolerante a fallos y redundantes.,N,,,,
Internet 6.2.2,Explicar cómo las características de Internet influyen en los sistemas construidos sobre el mismo.,escalar los sistemas de jerarquía y ayudar a la redundancia.,N,,,,
,,"La redundancia de enrutamiento (es decir, más de una forma de datos de la ruta) entre dos puntos en Internet aumenta la fiabilidad de Internet y ayuda a escalar a más dispositivos y más personas.",N,,,,
,,Jerarquía en el DNS ayuda a que la escala del sistema.,N,,,,
,,Interfaces y protocolos permiten el uso generalizado de la Internet.,N,,,,
,,Los estándares abiertos alimentan el crecimiento de Internet.,N,,,,
,,"La Internet es un sistema de conmutación de paquetes a través del cual los datos digitales es enviado por dividir los datos en bloques de bits llamados paquetes, que contienen tanto los datos que se transmiten e información de control para el encaminamiento de los datos.",N,,,"Las declaraciones de exclusión (6.2.2F): Los detalles específicos de cualquier sistema de conmutación de paquetes particular, están más allá del alcance de este curso y el examen AP.",
,,Normas para los paquetes y enrutamiento incluyen Transmission Control Protocol / Internet Protocol (TCP / IP).,N,,,Declaración de la exclusión (6.2.2G): detalles técnicos específicos de cómo funciona el TCP / IP están más allá del alcance de este curso y el examen AP.,
,,Los estándares para el intercambio de información y la comunicación entre los navegadores y servidores de la Web incluyen HTTP y Secure Sockets Layer / transporte de seguridad de la capa (SSL / TLS).,N,,,Declaración de la exclusión (6.2.2H): La comprensión de los aspectos técnicos de cómo funciona SSL / TLS está más allá del alcance de este curso y el examen AP.,
,,El tamaño y la velocidad de los sistemas afectan a su uso.,N,,,,
,,El ancho de banda de un sistema es una medida de la velocidad de bits † la cantidad de datos (medida en bits) que puede ser enviada en una cantidad fija de tiempo.,N,,,,
,,La latencia de un sistema es el tiempo transcurrido entre la transmisión y la recepción de una petición.,N,,,,
Internet 6.3.1,Identificar las preocupaciones de seguridad cibernética existentes y las posibles opciones para hacer frente a estos problemas con Internet y los sistemas construidos sobre el mismo.,El modelo de confianza de Internet implica ventajas y desventajas.,N,,,,
,,El sistema de nombres de dominio (DNS) no fue diseñado para ser completamente seguro.,N,,,,
,,"La implementación de la seguridad cibernética tiene un software, hardware y componentes humanos.",N,,,,
,,La guerra cibernética y delitos cibernéticos tienen efectos generalizados y potencialmente devastadoras.,N,,,,
,,ataques distribuidos de denegación de servicio (DDoS) en peligro un objetivo inundándolo con las peticiones de los múltiples sistemas.,N,,,,
,,"Phishing, virus y otros ataques tienen componentes humanos y software.",N,,,,
,,software de cortafuegos y antivirus pueden ayudar a prevenir el acceso no autorizado a los datos privados.,N,,,,
,,La criptografía es esencial para muchos modelos de seguridad cibernética.,N,,,,
,,La criptografía tiene un fundamento matemático.,N,,,declaración de exclusión (6.3.1I): funciones matemáticas específicas utilizadas en la criptografía están más allá del alcance de este curso y el examen AP.,
,,Los estándares abiertos ayudan a asegurar la criptografía es seguro.,N,,,,
,,El cifrado simétrico es un método de cifrado que involucra una clave para el cifrado y el descifrado.,N,,,Declaración de la exclusión (6.3.1K): Los métodos utilizados en el cifrado están más allá del alcance de este curso y el examen AP.,
,,"cifrado de clave pública, que no es simétrica, es un método de cifrado que se utiliza ampliamente debido a la mayor seguridad asociados con su uso.",N,,,declaración de exclusión (6.3.1L): Los métodos matemáticos utilizados en el cifrado de clave pública están más allá del alcance de este curso y el examen AP.,
,,autoridades de certificación (CA) emiten certificados digitales para validar la propiedad de claves cifradas utilizados en comunicaciones seguras y se basan en un modelo de confianza.,N,,,declaración de exclusión (6.3.1M): Los detalles técnicos del proceso de autoridades de certificación siguen están más allá del alcance de este curso y el examen AP.,
Global Impact 7.1.1,"Explica cómo las innovaciones de computación afectan a la comunicación, la interacción y la cognición.","Correo electrónico, servicio de mensajes cortos (SMS), y chat han fomentado nuevas formas de comunicarse y colaborar.",N,,,,
,,videoconferencia y chat de vídeo han fomentado nuevas formas de comunicarse y colaborar.,N,,,,
,,Los medios sociales sigue evolucionando y fomentar nuevas formas de comunicación.,N,,,Declaración de la exclusión (7.1.1C): El conocimiento detallado de cualquier sitio de redes sociales está más allá del alcance de este curso y el examen AP.,
,,La computación en nube fomenta nuevas formas de comunicarse y colaborar.,N,,,,
,,"El acceso generalizado a la información facilita la identificación de problemas, desarrollo de soluciones y difusión de los resultados.",N,,,,
,,Los datos públicos ofrece un amplio acceso y permite soluciones a los problemas identificados.,N,,,,
,,las tendencias de búsqueda son predictores.,N,,,,
,,"Los medios sociales, como blogs y Twitter, han mejorado la difusión.",N,,,,
,,"Sistema de Posicionamiento Global (GPS) y tecnologías relacionadas han cambiado la forma de viajar seres humanos, navegar y buscar información relacionada con la geolocalización.",N,,,,
,,Las redes de sensores facilitan nuevas formas de interactuar con el entorno y con los sistemas físicos.,N,,,,
,,"Las redes inteligentes, edificios inteligentes, y el transporte inteligentes están cambiando y facilitar las capacidades humanas.",N,,,,
,,Computación contribuye a muchas tecnologías de asistencia que mejoran las capacidades humanas.,N,,,,
,,El Internet y la Web han mejorado los métodos y las oportunidades de comunicación y colaboración.,N,,,,
,,"El Internet y la Web han cambiado muchas áreas, incluyendo el comercio electrónico, servicios de salud, el acceso a la información y el entretenimiento, y el aprendizaje en línea.",N,,,,
,,"El Internet y la Web han impactado la productividad, positiva y negativamente, en muchas áreas.",N,,,,
Global Impact 7.1.2,Explicar cómo las personas participan en un proceso de resolución de problemas que escala.,Las soluciones descentralizadas deben escalar para resolver algunos problemas.,N,,,,
,,"La ciencia ha sido afectada por el uso de la escala y la ciencia _citizen ""para resolver problemas científicos que utilizan los ordenadores personales en la investigación científica.",N,,,,
,,arneses de cálculo humanos contribuciones de muchos seres humanos para resolver problemas relacionados con los datos digitales y la Web.,N,,,,
,,Las capacidades humanas se ven reforzadas por la colaboración habilitada digitalmente.,N,,,,
,,Algunos servicios en línea utilizan las contribuciones de muchas personas para beneficiar tanto a los individuos y la sociedad.,N,,,,
,,"Crowdsourcing ofrece nuevos modelos de colaboración, como la conexión de las personas con puestos de trabajo y las empresas con financiación.",N,,,,
,,El paso de los ordenadores de sobremesa a una proliferación de siempre en los equipos móviles está dando lugar a nuevas aplicaciones.,N,,,,
Global Impact 7.2.1,Explica cómo la computación ha impactado innovaciones en otros campos.,"El aprendizaje automático y minería de datos han permitido la innovación en medicina, los negocios y la ciencia.",N,,,,
,,computación científica ha permitido la innovación en la ciencia y los negocios.,N,,,,
,,"Computing permite la innovación, proporcionando el acceso y el intercambio de información.",N,,,,
,,El acceso libre y Creative Commons han permitido un amplio acceso a la información digital.,N,,,,
,,bases de datos científicas abiertas y curada se han beneficiado los investigadores científicos.,N,,,,
,,la ley de Moore s ha animado a las industrias que utilizan los ordenadores para planificar eficazmente la investigación y el desarrollo futuro basado en los aumentos previstos en la potencia de cálculo.,N,,,,
,,Los avances en la computación como una tecnología habilitadora han generado y el aumento de la creatividad en otros campos.,N,,,,
Global Impact 7.3.1,Analizar los efectos beneficiosos y perjudiciales de la computación.,Innovaciones habilitadas por la informática plantea problemas legales y éticos.,N,,,,
,,acceso comercial a las descargas de música y películas en streaming y plantea problemas legales y éticos.,N,,,,
,,El acceso a los contenidos digitales a través de redes peer-to-peer plantea problemas legales y éticos.,N,,,,
,,Tanto autenticado y anónimo acceso a la información digital plantea problemas legales y éticos.,N,,,,
,,la censura comercial y gubernamental de la información digital plantea problemas legales y éticos.,N,,,,
,,El código abierto y licencia de software y contenido traer problemas legales y éticos.,N,,,,
,,surgen de privacidad y seguridad en el desarrollo y uso de sistemas computacionales y artefactos.,N,,,,
,,"La agregación de la información, tales como geolocalización, cookies y el historial de navegación, plantea problemas de privacidad y seguridad.",N,,,,
,,El anonimato en las interacciones en línea se puede activar mediante el uso de servidores proxy y software de anonimato en línea.,N,,,,
,,"La tecnología permite la recopilación, uso y explotación de la información acerca de, por y para las personas, grupos e instituciones.",N,,,,
,,La gente puede tener acceso instantáneo a grandes cantidades de información en línea; el acceso a esta información puede permitir la recogida de datos tanto individuales y agregados que se pueden usar y se recoge.,N,,,,
,,curación comercial y gubernamental de la información puede ser explotado si la privacidad y otras protecciones son ignorados.,N,,,,
,,"La publicidad dirigida se utiliza para ayudar a las personas, pero puede ser mal utilizada tanto a nivel individual y agregado.",N,,,,
,,El acceso generalizado a la información digitalizada plantea preguntas acerca de la propiedad intelectual.,N,,,,
,,"Creación de audio digital, vídeo y contenido textual mediante la combinación de contenido existente se ha visto afectada por las preocupaciones de derechos de autor.",N,,,,
,,La Ley de Derechos de Autor del Milenio Digital (DMCA) ha sido un beneficio y un reto en la fabricación de material digital con derechos de autor ampliamente disponibles.,N,,,,
,,"El código abierto y el software libre tienen efectos prácticos, comerciales y éticos sobre el acceso generalizado a los programas, bibliotecas, y el código.",N,,,,
Global Impact 7.4.1,"Explicar las conexiones entre la informática y los contextos económicos, sociales y culturales.",La innovación y el impacto de los medios sociales y el acceso en línea es diferente en diferentes países y en diferentes grupos socioeconómicos.,N,,,,
,,"Móviles, inalámbricas y redes computacionales tienen un impacto sobre la innovación en todo el mundo.",N,,,,
,,"La distribución global de los recursos informáticos plantea problemas de equidad, el acceso y el poder.",N,,,,
,,"Grupos y personas se ven afectadas por la ""brecha digital"" - que difieren acceso a la informática y de Internet basado en las características socioeconómicas o geográficas.",N,,,,
,,Redes e infraestructuras son compatibles con ambas iniciativas comerciales y gubernamentales.,N,,,,
Global Impact 7.5.1,,bases de datos y bibliotecas en línea el catálogo y la casa secundaria y algunas fuentes primarias.,N,,,,
,,"Avanzar en herramientas de búsqueda, la lógica booleana, y las palabras clave pueden filtrar los resultados de búsqueda de búsqueda de enfoque y / o límite basados ??en una variedad de factores (por ejemplo, datos, el estado de revisión por pares, los tipos de publicación)",N,,,,
,,El plagio es un delito grave que ocurre cuando una persona presenta ideas o palabras de otro como su propio. El plagio puede evitarse fuentes acknowledgin precisión.,N,,,,
Global Impact 7.5.2,,"Determing la credibilidad de una fuente requiere considerar y evaluar la reputación y las credenciales del autor (s), editor (s), propietario (s) sitio, y / o el patrocinador (s).",N,,,,
,,Información de una fuente se considera relevante cuando se admite una reclamación correspondiente o el propósito de la investigación.,N,,,,
