Objective Tag,Objective Description,Evidence Statements,In BS1,In BS2,In DS,In CSP,CSP-Exclusions,Notes
N-Q,The student reasons quantitatively in using units to solve problems,selection of appropriate units when solving a problem,Y,Y,Y,Y,,
,,correct interpretation of units consistently in formulas,Y,Y,Y,Y,,
,,selection of appropriate scale and origin in graphs and data displays,N,,Y,,,
,,selection of (Identification of) appropriate quantities for the purpose of descriptive modeling,N,,N,,,
,,selection of a level of accuracy appropriate to limitations on measurement when reporting quantities,N,,N,,,
5.G.1-2,Graph points on the coordinate plane to solve real-world and mathematical problems,"Use a pair of perpendicular number lines, called axes, to define a coordinate system",Y,,Y,,,
,,"Represent real world and mathematical problems by graphing points in the first quadrant of the coordinate plane, and interpret coordinate values of points in the context of the situation.",Y,,Y,,,
5.OA.1-2,Write and interpret numerical expressions,"Use parentheses, brackets, or braces in numerical expressions, and evaluate expressions with these symbols",Y,Y,Y,,,
,,"Write simple expressions that record calculations with numbers, and interpret numerical expressions without evaluating them.",Y,Y,Y,,,
6.NS.5-8,"The student performs operations with negative numbers, works with the number line and coordinate plane, order and absolute value of numbers, and solves real-world problems with rational numbers.",representation of opposite quantities with positive and negative numbers.,N,,N,,,
,,graphs of negative numbers on the number line.,Y,,N,,,
,,plots of coordinate pairs in all four quadrants of the coordinate plane.,Y,,N,,,
,,definition of and determination of absolute value of rational numbers.,Y,,N,,,
,,interpretation of order of rational numbers in real-world contexts.,N,,N,,,
,,calculation of distance between points with the same first coordinate or same second coordinate.,Y,,Y,,,
7.EE.1-2,The student uses properties of operations to generate equivalent expressions,"addition, subtraction, factoring, and expansion of linear expressions with rational coefficients by applying properties of operations",N,,N,,,
,,rewriting of an expression in different forms in a problem context to shed light on the problem and how the quantities in it are related,N,,N,,,
7.EE.3-4,The student uses numerical and algebraic expressions and equations to solve real-life and mathematical problems,"use of positive and negative rational numbers in any form (whole numbers, fractions, and decimals) to solve multi-step real-life and mathematical problems",Y,,N,,,
,,conversions between forms of rational numbers to perform appropriate calculations,N,,N,,,
,,estimation of answers using mental computation to assess the reasonableness of solutions,Y,,N,,,
,,use of variables to represent quantities in a real-world or mathematical problem,Y,,N,,,
,,construction of simple equations and inequalities to solve problems by reasoning about the quantities,Y,,N,,,
,,"solution of word problems leading to equations of the form px + q = r and p(x + q) = r, where p, q, and r are specific rational numbers",N,,N,,,
,,determination of solutions of equations of these forms,N,,N,,,
,,"comparison of an algebraic solution to an arithmetic solution, identifying the sequence of the operations used in each approach",Y,,N,,,
,,"determination of solutions of word problems leading to inequalities of the form px + q > r or px + q < r, where p, q, and r are specific rational numbers",Y,,N,,,
,,interpretation in context of solutions of word problems leading to inequalities,Y,,N,,,
,,construction of a graph of the solution set of an inequality and interpretation of it in the context of the problem,N,,N,,,
8.EE.1-4,The student performs operations with radicals and integer exponents,1. generation of equivalent numerical expressions by applying the properties of integer exponents,N,,N,,,
,,"2. use of square root and cube root symbols to represent solutions to equations of the form x2 = p, where p is a positive rational number, and x3 = p, where p is a positive or negative rational number",N,,N,,,
,,3. evaluation of square roots of small perfect squares and cube roots of small perfect cubes,N,,N,,,
,,4. identification of ‹ê2 as irrational,N,,N,,,
,,5. estimation of very large or very small quantities using numbers expressed in the form of a single digit times an integer power of 10,N,,N,,,
,,6. comparison of very large or very small quantities by expressing how many times as much one is than the other,N,,N,,,
,,"7. operations with numbers expressed in scientific notation, including problems where both decimal and scientific notation are used",N,,N,,,
,,8. selection of units of appropriate size for measurements of very large or very small quantities,N,,N,,,
,,9. interpretation of scientific notation that has been generated by technology,N,,N,,,
8.EE.5-6,"The student draws connections between proportional relationships, lines, and linear equations",1. interpretation of the unit rate as the slope of the graph of a proportional relationship,N,,Y,,,
,,"2. comparison of two different proportional relationships represented in different ways (for example, graph and equation)",N,,Y,,,
,,"3. use of similar triangles to explain why the slope, m, is the same between any two distinct points on a non-vertical line in the coordinate plane",N,,N,,,
,,4. derivation of the equation y = mx for a line through the origin and the equation y = mx + b for a line intercepting the vertical axis at b,N,,N,,,
8.EE.7,The student analyzes and solves linear equations and pairs of simultaneous linear equations (simultaneous linear equations will be taught in 8th grade),1. determination of solutions of linear equations in one variable,N,,N,,,
,,"2. identification of linear equations in one variable as having one solution, infinitely many solutions, or no solutions",N,,N,,,
,,"3. transformation of given equations into simpler forms, until an equivalent equation of the form x = a, a = a, or a = b results (where a and b are different numbers)",N,,N,,,
,,"4. solutions of linear equations with rational number coefficients, including equations whose solutions require expanding expressions using the distributive property and collecting like terms",N,,N,,,
7.G.1,"The student draws, constructs, and describes geometrical figures and describes the relationships between them",1. computation of lengths and areas from scale drawings of geometric figures,N,,N,,,
,,2. reproduction of a scale drawing at a different scale,N,,N,,,
7.G.2,,"3. use of given conditions to draw geometric shapes (freehand, with ruler and protractor, and with technology)",N,,N,,,
,,"4. use of the measures of three angles or sides to construct a triangle and determine when the conditions determine a unique triangle, more than one triangle, or no triangle",N,,N,,,
7.G.3,,"5. description of the two-dimensional figures that result from slicing three dimensional figures, as in plane sections of right rectangular prisms and right rectangular pyramids",N,,N,,,
7.G.5,"The student solves real-life and mathematical problems involving angle measure, area, surface area, and volume (Area, SA, Volume in 6th)","3. determination of solution to a multi-step problem requiring use of facts about supplementary, complementary, vertical, and adjacent angles to write and solve simple equations for an unknown angle in a figure",N,,N,,,
8.G.1-5,"The student uses physical models, transparencies, or geometry software to examine congruence and similarity","1. rotations, reflections, and translations of lines taken to lines, and line segments to line segments of the same length",N,,N,,,
,,"2. rotations, reflections, and translations of angles taken to angles of the same measure",N,,N,,,
,,"3. rotations, reflections, and translations of parallel lines taken to parallel lines",N,,N,,,
,,"4. creation of a two-dimensional figure, congruent to a first figure, obtained by a sequence of rotations, reflections, and translations",N,,N,,,
,,"5. description of the sequence of rotations, reflections, and translations used to create a second congruent figure from a first",N,,N,,,
,,"6. descriptions of the effect of dilations, translations, rotations, and reflections on two-dimensional figures using coordinates",N,,N,,,
,,"7. creation of a second, similar, two-dimensional figure obtained by a sequence of rotations, reflections, translations, and dilations performed on a figure",N,,N,,,
,,"8. description of the sequence of rotations, reflections, translations, and dilations used to create a second similar figure from a first",N,,N,,,
,,"9. use of informal arguments establishing facts about the angle sum and exterior angle of triangles, about the angles created when parallel lines are cut by a transversal, and the angle-angle criterion for similarity of triangles",N,,N,,,
8.G.6-8,The student uses the Pythagorean Theorem to solve real-world and mathematical problems,1. explanation of a proof of the Pythagorean Theorem and its converse,Y,,N,,,
,,2. application of the Pythagorean Theorem to determine unknown side lengths in right triangles in real-world and mathematical problems in two and three dimensions,Y,,N,,,
,,3. application of the Pythagorean Theorem to find the distance between two points in a coordinate system,Y,,N,,,
8.G.9,"The student uses formulas involving volume of cylinders, cones, and spheres to solve real-world and mathematical problems","1. use of the formulas for the volumes of cones, cylinders, and spheres to solve real-world and mathematical problems",N,,N,,,
,,2. determination of the validity of a sample and the inferences based on that sample,N,,N,,,
6.SP.1-3,The student develops an understanding of statistical variability.,1. Recognize a statistical question as one that anticipates variability in the data related to the question and accounts for it in the answers,N,,Y,,,
,,"2. Understand that a set of data collected to answer a statistical question has a distribution which can be described by its center, spread, and overall shape.",N,,Y,,,
,,"3. Recognize that a measure of center for a numerical data set summarizes all of its values with a single number, while a measure of variation describes how its values vary with a single number.",N,,Y,,,
6.SP.4-5,The student summarizes and describes distributions,"4. Display numerical data in plots on a number line, including dot plots, histograms, and box plots.",,,Y,,,
,,"5. Summarize numerical data sets in relation to their context, such as by: Reporting the number of observations, Describing the nature of the attribute under investigation, including how it was measured and its units of measurement, Giving quantitative measures of center (median and/or mean) and variability (interquartile range and/or mean absolute deviation), as well as describing any overall pattern and any striking deviations from the overall pattern with reference to the context in which the data were gathered, or Relating the choice of measures of center and variability to the shape of the data distribution and the context in which the data were gathered.",N,,N,,,
7.SP.1-2,The student draws inferences about a population by using random sampling,1. use of sampling to gain information about a population,N,,N,,,
,,2. determination of the validity of a sample and the inferences based on that sample,N,,N,,,
,,3. use of data from a random sample to draw inferences about a population with an unknown characteristic of interest,N,,N,,,
,,4. creation of multiple samples (or simulated samples) of the same size to gauge the variation in estimates or predictions,N,,N,,,
7.SP.3-4,The student draws informal comparative inferences about two populations,"1. Informally assess the degree of visual overlap of two numerical data distributions with similar variabilities, measuring the difference between the centers by expressing it as a multiple of a measure of variability",N,,N,,,
,,2. Use measures of center and measures of variability for numerical data from random samples to draw informal comparative inferences about two populations,N,,N,,,
7.SP.5-8,"The student develops, uses, and evaluates probability models to investigate chance processes",1. Understand that the probability of a chance event is a number between 0 and 1 that expresses the likelihood of the event occurring. Larger numbers indicate greater likelihood.,N,,N,,,
,,"2. Approximate the probability of a chance event by collecting data on the chance process that produces it and observing its long-run relative frequency, and predict the approximate relative frequency given the probability.",N,,N,,,
,,"3. Develop a probability model and use it to find probabilities of events. Compare probabilities from a model to observed frequencies; if the agreement is not good, explain possible sources of the discrepancy.",N,,N,,,
,,"4. Find probabilities of compound events using organized lists, tables, tree diagrams, and simulation.",N,,N,,,
7.SP.1,The student draws inferences about a population by using random sampling,1. use of sampling to gain information about a population,N,,Y,,,
8.SP.1-4,The student investigates patterns of association in bivariate data,1. investigation of patterns of association between two quantities by constructing and interpreting scatter plots for bivariate measurement data,N,,Y,,,
,,"2. description of patterns such as clustering, outliers, positive or negative association, linear association, and nonlinear association",N,,Y,,,
,,3. use of straight lines to model relationships between two quantitative variables,N,,Y,,,
,,4. determination of the fit of a linear model to a scatter plot that suggests a linear association by judging the closeness of the data points to the line,N,,Y,,,
,,5. interpretation of the slope and intercept of the equation of a linear model used to solve problems in the context of bivariate measurement data,N,,Y,,,
,,6. displaying of frequencies and relative frequencies of bivariate categorical data in a two-way table to evaluate patterns of association,N,,N,,,
,,7. construction and interpretation of a two-way table summarizing data on two categorical variables collected from the same subjects,N,,N,,,
,,8. use of relative frequencies calculated for rows or columns to describe possible association between the two variables,N,,N,,,
8.F.1-3,"The student defines, evaluates, and compares functions",1. description of a function as a rule that assigns to each input exactly one output,Y,,Y,,,
,,2. construction of the graph of a function as the set of ordered pairs consisting of an input and the corresponding output,N,,N,,,
,,"3. comparison of properties of two functions each represented in a different way (algebraically, graphically, numerically in tables, or by verbal descriptions)",Y,,Y,,,
,,"4. identification of the equation y = mx + b as a linear function, whose graph is a straight line",N,,N,,,
,,"5. identification of functions that are not linear, such as A = s2, by the fact that their graphs do not form a straight line",N,,N,,,
8.F.4,The student models relationships between quantities using functions,1. construction of a function to model a linear relationship between two quantities,Y,,Y,,,
,,"2. determination of the rate of change and initial value of a function from a description of a relationship or from two (x, y) values, including reading these from a table or from a graph",Y,,N,,,
,,"3. interpretation of the rate of change and initial value of a linear function in terms of the situation it models, and in terms of its graph or a table of values",Y,,N,,,
8.F.5,The student models relationships between quantities using functions,"4. use of a qualitative description (e.g., where the function is increasing or decreasing, linear or nonlinear) to describe the functional relationship between two quantities",Y,,Y,,,
,,5. sketch of a graph that exhibits the qualitative features of a function that has been described verbally,N,,N,,,
N-RN,The student extends the properties of exponents to rational exponents,1. use of the properties of exponents to describe rational exponents and relate them to radicals,N,,N,,,
,,"2. explanation of how the definition of the meaning of rational exponents follows from extending the properties of integer exponents to those values, allowing for a notation for radicals in terms of rational exponents (for example, we define 51/3 to be the cube root of 5 because we want (51/3)3 = 5(1/3)3 to hold, so (51/3)3 must equal 5)",N,,N,,,
,,3. use of the properties of exponents to simplify expressions involving radicals and rational exponents,N,,N,,,
,,4. Rewritten expressions involving radicals and rational exponents using the properties of exponents,N,,N,,,
,The student uses properties of rational and irrational numbers,1. explanation for why the sum or product of two rational numbers is rational,N,,N,,,
,,2. explanation that the sum of a rational number and an irrational number is irrational,N,,N,,,
,,3. explanation that the product of a nonzero rational number and an irrational number is irrational,N,,N,,,
A-REI.1-2,The student explains the reasoning for the process of solving equations,1. construction of a viable argument to justify each step in solving a simple equation,N,,N,,,
,,2. reasoning for the existence of extraneous solutions in simple rational and radical equations in one variable,N,,N,,,
A-REI.3-4,The student solves linear and quadratic equations and inequalities in one variable,"1. solution of linear equations and inequalities in one variable, including equations with coefficients represented by letters",N,,N,,,
,,2. solution of quadratic equations in one variable,N,,N,,,
,,3. use of completing the square to transform any quadratic equation into an equation of the form (x _ p)^2 = q,N,,N,,,
,,4. use of completing the square to derive the quadratic formula,N,,N,,,
,,"5. use of an appropriate algebraic method (inspection, taking square roots, completing the square, the quadratic formula, or factoring) to solve quadratic equations",N,,N,,,
A-REI.5-9,The student solves systems of linear equations and simple systems of a linear and a quadratic equation,"1. proof that given a system of two equations in two variables, replacing one equation by the sum of that equation and a multiple of the other produces a system with the same solutions",N,,N,,,
,,"2. solution to systems of linear equations exactly and approximately (e.g., with graphs), focusing on pairs of linear equations in two variables",N,,N,,,
,,3. solution to a simple system of a linear equation and a quadratic equation in two variables algebraically and graphically,N,,N,,,
A-REI.10-12,The student uses a graph to represent and solve equations and inequalities,1. use of a graph of an equation in two variables to identify all solutions of the curve plotted on the coordinate plane,N,,N,,,
,,2. representation of the solution of the equation f(x) = g(x) as the x-coordinates of the points where the graphs of the equations y = f(x) and y = g(x) intersect,N,,N,,,
,,"3. use of approximation by technology to find the solution of a system of equations, where f(x) and/or g(x) are linear, polynomial, rational, absolute value, exponential, and logarithmic functions",N,,N,,,
,,4. graph of the solutions to a linear inequality in two variables as a half-plane (excluding the boundary in the case of a strict inequality),N,,N,,,
,,5. graph of the solution set to a system of linear inequalities in two variables as the intersection of the corresponding half-planes,N,,N,,,
F-IF.1-3,"The student uses function notation to describe, evaluate, and interpret functions in terms of domain and range",description of a function using terms domain and range,Y,,N,,,
,,"explanation that if f is a function and x is an element of its domain, then f(x) denotes the output of f corresponding to the input x",Y,,Y,,,
,,graph of f as the graph of the equation y = f(x),N,,Y,,,
,,evaluation of functions using function notation for inputs in their domains,Y,,N,,,
,,interpretation of statements that use function notation in terms of a context,Y,,Y,,,
F-IF.4-6,The student interprets the behavior of functions that arise in applications in terms of the context,interpretation of a relationship between two quantities in a table or graph in terms of key features,Y,,N,,,
,,use of verbal descriptions of key features to graph a function,Y,,N,,,
,,"relation of the domain of a function to its graph and, where applicable, to the quantitative relationship it describes",Y,,N,,,
,,calculation and interpretation of the average rate of change of a function (presented symbolically or as a table) over a specified interval,N,,N,,,
,,estimation of the rate of change from a graph,N,,N,,,
F-IF.7-9,The student uses different representations of a function to make generalizations about key features of function behavior and to compare functions to one another,"graphs of linear and quadratic functions showing intercepts, maxima, and minima",N,,N,,,
,,"graphs of square root, cube root, and piecewise-defined functions, including step functions.",N,,N,,,
,,"Graph polynomial functions, identifying zeros when suitable factorizations are available, and showing end behavior.",N,,N,,,
,,"Graph rational functions, identifying zeros and asymptoteswhen suitable factorizations are available, and showing endbehavior",N,,N,,,
,,"graphs of exponential and logarithmic functions, showing intercepts and end behavior.",N,,N,,,
,,"Use the process of factoring and completing the square in aquadratic function to show zeros, extreme values, and symmetryof the graph, and interpret these in terms of a context.",N,,N,,,
,,use of properties of exponents to interpret expressions for exponential functions and classify them as exponential growth or decay.,N,,N,,,
,,"comparison of properties of two functions each represented in a different way (algebraically, graphically, numerically in tables, or by verbal descriptions)",Y,,N,,,
F-LE.1-4,"The student constructs linear, quadratic, and exponential models to solve problems",determination of whether a situation can be modeled with a linear or exponential function,Y,,N,,,
,,"use of proofs to show that linear functions grow by equal differences over equal intervals, and that exponential functions grow by equal factors over equal intervals",N,,N,,,
,,identification of situations in which one quantity changes at a constant rate per unit interval relative to another,Y,,N,,,
,,identification of situations in which a quantity grows or decays by a constant percent rate per unit interval relative to another,N,,N,,,
,,"construction of linear and exponential functions, including arithmetic and geometric sequences from a graph, a description of a relationship, or two input-output pairs (include reading these from a table). NOTE: Limit to consecutive input-output pairs for exponential functions",Y,,N,,,
,,"use of graphs and tables to show that a quantity increasing exponentially eventually exceeds a quantity increasing linearly, quadratically, or (more generally) as a polynomial function",N,,N,,,
F-LE.5,The student interprets expressions for functions in terms of the situations they model,1. interpretation of the parameters in a linear or exponential function in terms of a context,Y,,N,,,
A-SSE.1-2,The student interprets the structure of expressions to solve problems in context,1. interpretation of expressions that represent a quantity in context,Y,,N,,,
,,"2. interpretation of terms, factors, and coefficients of an expression",Y,,N,,,
,,3. interpretation of complicated expressions by viewing one or more of their parts as a single entity,Y,,N,,,
,,"4. manipulation of the structure of an expression, for example, writing x4 _ y4 as a difference of squares",N,,N,,,
A-SSE.3-4,The student solves problems by writing expressions in equivalent forms,1. transformation of expressions for exponential functions using properties of exponents,N,,N,,,
,,2. derivation of the formula for the sum of a finite geometric series (when the common ratio is not 1),N,,N,,,
,,3. use of the formula for the sum of a finite geometric series to solve problems,N,,N,,,
A-APR.1,"The student performs operations (addition, subtraction, and multiplication) with polynomials","1. description of the system of polynomials as closed under the operations of addition, subtraction, and multiplication",N,,N,,,
,,"2. addition, subtraction, and multiplication of polynomials",N,,N,,,
A-APR.2-3,The student identifies and uses the relationship between zeros and factors of polynomials,1. use of the Remainder Theorem to identify factors of a polynomial p(x),N,,N,,,
,,2. use of factoring to identify zeros of polynomials,N,,N,,,
,,3. use of the zeros of a polynomial function to construct a rough graph of the function,N,,N,,,
A-APR.4,The student solves problems by using polynomial identities,1. proofs of polynomial identities,N,,N,,,
,,2. use of polynomial identities to describe numerical relationships,N,,N,,,
A-APR.6,The student rewrites rational expressions,1. manipulation of simple rational expressions to write them in different forms,N,,N,,,
,,"2. use of inspection, long division, or (for more complicated examples) a computer algebra system to write a(x)/b(x) in the form q(x) + r(x)/b(x), where a(x), b(x), q(x), and r(x) are polynomials with the degree of r(x) less than the degree of b(x)",N,,N,,,
A-CED.1-4,The student solves equations and inequalities in one or more variable that describe numbers or relationships,"1. creation of equations and inequalities in one variable, including linear and quadratic functions, and simple radical and exponential functions",Y,,N,,,
S-ID.1-4,The student uses data summary techniques to aid interpretation of a single count or measurement variable,"1. plots on the real number line (dot plots, histograms, and box plots) to represent data",N,,Y,,,
,,"2. comparison of two or more different data sets by measure of center (median, mean) and spread (interquartile range) appropriate to the shape of the data distribution",N,,Y,,,
S-ID.5-6,The student uses data summary techniques to aid interpretation of two categorical and quantitative variables,1. use of two-way frequency tables to summarize categorical data for two categories,N,,N,,,
,,"2. interpretation of relative frequencies in the context of the data (including joint, marginal, and conditional relative frequencies)",N,,N,,,
,,3. identification of possible associations and trends in the data,N,,Y,,,
,,4. use of a scatter plot to represent data on two quantitative variables and describe how the variables are related,N,,Y,,,
,,"5. use of a given linear, quadratic, or exponential function to match a function to the data",N,,N,,,
,,6. use of functions fitted to data to solve problems in the context of the data,N,,Y,,,
,,7. informal assessment of the fit of a function by plotting and analyzing residuals,N,,N,,,
,,8. determination of a linear function for a scatter plot that suggests a linear association,N,,Y,,,
S-ID.7-9,The student interprets linear models representing data,1. use of the context of the data to interpret the slope (rate of change) and the intercept (constant term) of a linear model,N,,Y,,,
,,2. use of technology to compute (using technology) and interpret the correlation coefficient of a linear fit,N,,Y,,,
,,3. identification of the difference between correlation and causation,N,,Y,,,
N-CN,"The student performs operations (addition, subtraction, and multiplication) with complex numbers","1. use of the imaginary number i, such that i^2 = _1, to write complex numbers in the form a + bi with a and b real",N,,N,,,
,,"2. use of the commutative, associative, and distributive properties to add, subtract, and multiply complex numbers",N,,N,,,
N-CN.7,The student uses complex numbers in polynomial identities and equations,1. solution of quadratic equations with real coefficients that have complex solutions,N,,N,,,
,,2. solution of problems using equations and inequalities in one variable,N,,N,,,
,,3. representation of relationships between two quantities by equations in two or more variables,N,,N,,,
,,4. use of coordinate axes with labels and scales to graph equations,N,,N,,,
,,"5. use of problem constraints to interpret solutions as viable or nonviable in modeling an equation, inequality, or systems of equations and/or inequalities",Y,,N,,,
,,6. manipulation of a formula to solve for a specific variable to highlight a particular quantity of interest,N,,N,,,
F-BF.1-2,The student models a relationship between two quantities by building a function,4. use of recursive and explicit formulas to write arithmetic and geometric sequences to model situations,N,,N,,,
,,5. translation between recursive and explicit forms,N,,N,,,
F-BF.3-4,The student builds new functions from existing functions.,"1. identification of the effect on the graph of replacing f(x) by f(x) + k, k f(x), f(kx), and f(x + k) for specific values of k (both positive and negative)",N,,N,,,
,,2. determination of the value of k given a graph,N,,N,,,
,,3. use of technology to experiment with cases to illustrate and explain the effect algebraic changes have on the graph of a function,N,,N,,,
,,4. inversion of a function,N,,N,,,
,,5. solution of an equation of the form f(x) = c for a simple function f that has an inverse in order to write the inverse,N,,N,,,
F-TF.1-2,The student uses the unit circle to extend the domain of trigonometric functions,1. use of radian measure to represent the length of the arc on the unit circle subtended by the angle,N,,N,,,
,,2. extension of trigonometric functions to all real numbers using the unit circle in the coordinate plane,N,,N,,,
,,3 interpretation of radian measures as angles traversed counterclockwise around the unit circle,N,,N,,,
F-TF.5,The student models periodic phenomena with trigonometric functions,"1. selection of trigonometric functions that model periodic phenomena with specified amplitude, frequency, and midline",N,,N,,,
F-TF.8,The student uses trigonometric identities in proofs and application,"1. use of the Pythagorean identity sin2(_) + cos2(_) = 1 to find sin(_), cos(_), or tan(_) given sin(_), cos(_), or tan(_) and the quadrant of the angle",N,,N,,,
G-GPE.1-2,The student translates between the geometric description and the equation for a conic section,3. use of a given focus and directrix to derive the equation of a parabola,N,,N,,,
S-IC.1-2,The student evaluates random processes underlying statistical experiments,1. explanation of statistics as a process for making inferences about population parameters based on a random sample from that population,N,,Y,,,
,,2. determination whether a specified model is consistent with results from a given data-generating process,N,,Y,,,
S-IC.3-6,"The student makes justifiable inferences from sample surveys, experiments, and observational studies","1. identification of the purposes of and differences among sample surveys, experiments, and observational studies",N,,,,,
,,"2. explanation of how randomization relates to sample surveys, experiments, and observational studies",N,,,,,
,,3. use of data from a sample survey to estimate a population mean or proportion,N,,Y,,,
,,4. use of simulation models for random sampling to develop a margin of error,N,,,,,
,,5. use of data from a randomized experiment to compare two treatments,N,,,,,
,,6. use of simulations to decide if differences between parameters are significant,N,,,,,
,,7. evaluation of reports based on data,N,,Y,,,
S-CP.1-5,The student uses independence and conditional probability to interpret data,1. description of events as subsets of a sample space (the set of outcomes) using characteristics (or categories) of the outcomes,N,,N,,,
,,"2. use of unions, intersections, or complements to describe events",N,,N,,,
,,3. determination of whether two events A and B are independent by identifying the probability of A and B occurring together as the product of their individual probabilities,N,,N,,,
,,4. identification of conditional probability of A given B as P(A and B)/P(B),N,,N,,,
,,"5. interpretation of independence of A and B as saying that the conditional probability of A given B is the same as the probability of A, and the conditional probability of B given A is the same as the probability of B",N,,N,,,
,,6. construction and interpretation of two-way frequency tables of data when two categories are associated with each object being classified,N,,N,,,
,,7. use of the two-way table as a sample space to decide if events are independent and to approximate conditional probabilities,N,,N,,,
,,8. use of everyday language and situations to explain the concepts of conditional probability and independence,N,,N,,,
S-CP.6-7,The student computes probabilities of compound events in a uniform probability model using the rules of probability,"1. determination of the conditional probability of A given B as the fraction of B's outcomes that also belong to A, and interpret the answer in terms of the model",N,,N,,,
,,"2. determination of the conditional probability of A given B as the fraction of B's outcomes that also belong to A, and interpret the answer in terms of the model.",N,,N,,,
HSS.ID.A,"Summarize, represent, and interpret data on a single count or measurement variable","Represent data with plots on the real number line (dot plots, histograms, and box plots).",N,,Y,,,
,,"Use statistics appropriate to the shape of the data distribution to compare center (median, mean) and spread (interquartile range, standard deviation) of two or more different data sets.",N,,Y,,,
,,"Interpret differences in shape, center, and spread in the context of the data sets, accounting for possible effects of extreme data points (outliers).",N,,Y,,,
,,"Use the mean and standard deviation of a data set to fit it to a normal distribution and to estimate population percentages. Recognize that there are data sets for which such a procedure is not appropriate. Use calculators, spreadsheets, and tables to estimate areas under the normal curve.",N,,N,,,
HSS.ID.B,"Summarize, represent, and interpret data on two categorical and quantitative variables","Summarize categorical data for two categories in two-way frequency tables. Interpret relative frequencies in the context of the data (including joint, marginal, and conditional relative frequencies). Recognize possible associations and trends in the data.",N,,N,,,
,,"Represent data on two quantitative variables on a scatter plot, and describe how the variables are related.",N,,Y,,,
,,"Fit a function to the data; use functions fitted to data to solve problems in the context of the data. Use given functions or choose a function suggested by the context. Emphasize linear, quadratic, and exponential models.",N,,Y,,,
,,Informally assess the fit of a function by plotting and analyzing residuals.,N,,N,,,
,,Fit a linear function for a scatter plot that suggests a linear association.,N,,Y,,,
HSS.ID.C,Interpret linear models,Interpret the slope (rate of change) and the intercept (constant term) of a linear model in the context of the data.,N,,Y,,,
,,Compute (using technology) and interpret the correlation coefficient of a linear fit.,N,,Y,,,
,,Distinguish between correlation and causation.,N,,Y,,,
HSS.IC.A,Understand and evaluate random processes underlying statistical experiments,Understand statistics as a process for making inferences about population parameters based on a random sample from that population.,N,,N,,,
,,"Decide if a specified model is consistent with results from a given data-generating process, e.g., using simulation. For example, a model says a spinning coin falls heads up with probability 0.5. Would a result of 5 tails in a row cause you to question the model?",N,,N,,,
HSS.IC.B,"Make inferences and justify conclusions from sample surveys, experiments, and observational studies","Recognize the purposes of and differences among sample surveys, experiments, and observational studies; explain how randomization relates to each.",N,,N,,,
,,Use data from a sample survey to estimate a population mean or proportion; develop a margin of error through the use of simulation models for random sampling.,N,,N,,,
,,Use data from a randomized experiment to compare two treatments; use simulations to decide if differences between parameters are significant.,N,,N,,,
,,Evaluate reports based on data.,N,,N,,,
BS-M,The student models a problem in context and determines the data needed to describe the problem,identifying which quantities are fixed and which are variable,Y,,Y,,,
,,"identifying the datatype of a given quantity, in context",Y,,Y,,,
,,identifying the difference between types and values,Y,,Y,,,
BS-CE,"The student translates between structured expressions as arithmetic, code, and Circles of Evaluation",translating a simple (1-operation) equation into a Circle of Evaluation,Y,,N,,,
,,translating a nested (multi-operation) equation into a Circle of Evaluation,Y,,N,,,
,,translating a Circle of Evaluation into its equivalent arithmetic expression,Y,,N,,,
,,translating a Circle of Evaluation into its equivalent programming syntax,Y,,N,,,
BS-IDE,"The student is familiar with using a REPL, entering expressions properly, and interpreting error messages",enter and evaluate expressions on the computer,Y,,Y,,,
,,look to error messages as a way of diagnosing syntax errors,Y,,Y,,,
BS-PL.1,The student is familiar with declaring values and applying built-in functions using the programming language,"representing (numeric, string, boolean, image, etc) values in the programming language",Y,,Y,,,
,,interpreting a function application and identifying its arguments,Y,,Y,,,
BS-PL.2,The student is comfortable using and writing Contracts for built-in functions,representing a function's input and output using a contract,Y,,Y,,,
,,using a function by refering to its contract,Y,,Y,,,
BS-PL.3,The student is able to use the syntax of the programming language to define values and functions,defining and retrieving values,Y,,Y,,,
,,writing test cases,Y,,Y,,,
,,defining and using functions,Y,,Y,,,
BS-PL.4,The student is familiar with the syntax for conditionals,defining and using functions than involve conditionals,Y,,N,,,
BS-DR.1,The student is able to translate a word problem into a Contract and Purpose Statement,"given a word problem, identify the domain and range of a function",Y,,Y,,,
,,"given a word problem, write a Purpose Statement (i.e. - rewrite the problem in their own words)",Y,,Y,,,
BS-DR.2,The student can derive test cases for a given contract and purpose statement,"given a Contract and a Purpose Statement, write multiple examples or test cases",Y,,Y,,,
,,"identifying correct and incorrect test cases for a function, based on its contract",Y,,Y,,,
,,"given multiple examples, identify patterns in order to label and name the variables",Y,,N,,,
BS-DR.3,"Given multiple test cases, the student can define a function","given examples and labeled variable(s), define the function",Y,,N,,,
,,"identifying correct and incorrect definitions for a function, based on its test cases",Y,,,,,
BS-DR.4,The student can solve word problems that involve data structures,write examples for a function that prodiuces a data structure,N,N,Y,,,
,,write functions that produce data structures,N,N,Y,,,
,,write piecewise functions that consume and produce data structures,N,N,N,,,
BS-DS.1,The student is able to read data blocks,"given a data block, identify that it is a data structure",N,Y,N,,,
,,"given a data block, identify the constructor function and dot-accessors",N,Y,N,,,
,,"given a data block, identify the correct datatypes for each field of that structure",N,Y,N,,,
,,"given a data block, create instances of the data structure",N,N,N,,,
,,"given a data block, use dot-accessors to access fields of the data structure",N,N,N,,,
BS-DS.2,The student is able to solve problems using data structures,identify problems that require use of a data structure,N,N,N,,,
,,"given a problem, define a data structure",N,N,N,,,
,,add fields to a pre-existing data structure,N,N,N,,,
BS-R,The student is able to write interactive programs using the 'Reactor' construct,identify how an updating function changes a data structure,N,Y,N,,,
,,identify how a drawing function creates a static image,N,Y,N,,,
,,identify how a reactor uses drawing and updating functions to create an animation,N,N,N,,,
,,identify how functions work together to create and maintain a complex program,N,N,N,,,
,,modify parts of a complex program by altering functions or data structures,N,N,N,,,
BS-PL.P,The Student is comfortable using the Pyret syntax for the Design Recipe,,N,N,Y,,,appears unused
MP.1,Make sense of problems and persevere in solving them,,Y,,Y,,,
MP.2,Reason abstractly and quantitatively,,N,,Y,,,
MP.3,Construct viable arguments and critique the reasoning of others,,N,,Y,,,
MP.4,Model with mathematics,,N,,Y,,,
MP.5,Use appropriate tools strategically,,N,,Y,,,
MP.6,Attend to precision,,N,,Y,,,
MP.7,Look for and make use of structure,,Y,,Y,,,
111.47.4,Categorical and quantitative data. The student applies the mathematical process standards to represent and analyze both categorical and quantitative data.,Distinguish between categorical and quantitative data,,,Y,,,
,,Represent and summarize data and justify the representation,,,Y,,,
,,"Analyze the distribution characteristics of quantitative data, including determining the possible existence and impact of outliers",,,Y,,,
,,Compare and contrast different graphical or visual representations given the same data set,,,Y,,,
111.47.7,Bivariate data. The student applies the mathematical process standards to analyze relationships among bivariate quantitative data. ,"Analyze scatterplots for patterns, linearity, outliers, and influential points",,,Y,,,
,,,,,,,,
1A-A-3-5,Decompose (break down) a larger problem into smaller sub-problems with teacher guidance or independently,,,,Y,,,
1A-D-7-12,Collect data over time and organize it in a chart or graph in order to make a prediction.,,,,N,,,
1A-D-4-13 ,"Use a computing device to store, search, retrieve, modify, and delete information and define the information stored as data.",,,,Y,,,
1A-D-7-15 ,"Compare and contrast examples of how computing technology has changed and improved the way people live, work, and interact. ",,,,N,,,
1B-A-2-1 ,Apply collaboration strategies to support problem solving within the design cycle of a program.,,,,Y,,,
1B-A-5-4 ,"Construct programs, in order to solve a problem or for creative expression, that include sequencing, events, loops, conditionals, parallelism, and variables, using a block-based visual programming language or text-based language, both independently and collaboratively (e.g., pair programming)",,,,Y,,,
1B-A-3-6 ,"Decompose (break down) a larger problem into smaller sub-problems, independently or in a collaborative group",,,,Y,,,
1B-A-3-7,"Construct and execute an algorithm (set of step-by-step instructions) that includes sequencing, loops, and conditionals to accomplish a task, both independently and collaboratively, with or without a computing device.",,,,Y,,,
1B-A-6-8 ,"Analyze and debug (fix) an algorithm that includes sequencing, events, loops, conditionals, parallelism, and variables. ",,,,Y,,,
1B-D-5-12 ,"Create a computational artifact to model the attributes and behaviors associated with a concept (e.g., solar system, life cycle of a plant).",,,,Y,,,
1B-D-5-13 ,"Answer a question by using a computer to manipulate (e.g., sort, total and/or average, chart, graph) and analyze data that has been collected by the class or student.",,,,Y,,,
2-A-7-4,"Interpret the flow of execution of algorithms and predict their outcomes. [Clarification: Algorithms can be expressed using natural language, flow and control diagrams, comments within code, and pseudocode.]",,,,Y,,,
2-A-5-5 ,"Design, develop, and present computational artifacts such as mobile applications that address social problems both independently and collaboratively.",,,,Y,,,
2-A-5-6,"Develop programs, both independently and collaboratively, that include sequences with nested loops and multiple branches. [Clarification: At this level, students may use blockbased and/or text-based programming languages.]",,,,Y,,,
2-A-3-9 ,Decompose a problem into parts and create solutions for each part.,,,,Y,,,
2-D-7-15,"Explain the processes used to collect, transform, and analyze data to solve a problem using computational tools (e.g., use an app or spreadsheet form to collect data, decide which data to use or ignore, and choose a visualization method.).",,,,N,,,
2-I-7-18 ,"Summarize negative and positive impacts of using data and information to categorize people, predict behavior, and make recommendations based on those predictions (e.g., customizing search results or targeted advertising, based on previous browsing history, can save search time and limit options at the same time).",,,,N,,,
3A-A-3-10 ,"Design algorithms using sequence, selection, and iteration. ",,,,Y,,,
3A-A-3-11,"Explain and demonstrate how modeling and simulation can be used to explore natural phenomena (e.g., flocking behaviors, queueing, life cycles).",,,,N,,,
3A-D-3-21 ,"Apply basic techniques for locating and collecting small- and large-scale data sets (e.g., creating and distributing user surveys, accessing real-world data sets). ",,,,N,,,
3B-D-4-26 ,"Evaluate the ability of models and simulations to formulate, refine, and test hypotheses. ",,,,N,,,
3B-D-4-27 ,"Use various data collection techniques for different types of problems (e.g., mobile device GPS, user surveys, embedded system sensors, open data sets, social media data sets). ",,,,N,,,
Creativity 1.1.1,Apply a creative development process when creating computational artifacts.,"A creative process in the development of a computational artifact can include, but is not limited to, employing nontraditional, nonprescribed techniques; the use of novel combinations of artifacts, tools, and techniques; and the exploration of personal curiosities.",N,,,,,
,,Creating computational artifacts employs an iterative and often exploratory process to translate ideas into tangible form.,N,,,,,
Creativity 1.2.1,Create a computational artifact for creative expression.,"A computational artifact is anything created by a human using a computer and can be, but is not limited to, a program, an image, audio, video, a presentation, or a web page file.",N,,,,,
,,Creating computational artifacts requires understanding and using software tools and services.,N,,,,,
,,"Computing tools and techniques are used to create computational artifacts and can include, but are not limited to, programming IDEs, spreadsheets, 3D printers, or text editors.",N,,,,,
,,"A creatively developed computational artifact can be created by using nontraditional, nonprescribed computing techniques.",N,,,,,
,,Creative expressions in a computational artifact can reflect personal expressions of ideas or interests.,N,,,,,
Creativity 1.2.2,Create a computational artifact using computing tools and techniques to solve a problem.,Computing tools and techniques can enhance the process of finding a solution to a problem.,N,,,,,
,,A creative development process for creating computational artifacts can be used to solve problems when traditional or prescribed computing techniques are not effective.,N,,,,,
Creativity 1.2.3,Create a new computational artifact by combining or modifying existing artifacts.,Creating computational artifacts can be done by combining and modifying existing artifacts or by creating new artifacts.,N,,,,,
,,Computation facilitates the creation and modification of computational artifacts with enhanced detail and precision.,N,,,,,
,,Combining or modifying existing artifacts can show personal expression of ideas.,N,,,,,
Creativity 1.2.4,Collaborate in the creation of computational artifacts.,A collaboratively created computational artifact reflects effort by more than one person.,N,,,,,
,,Effective collaborative teams consider the use of online collaborative tools.,N,,,,,
,,"Effective collaborative teams practice interpersonal communication, consensus building, conflict resolution, and negotiation.",N,,,,,
,,Effective collaboration strategies enhance performance.,N,,,,,
,,Collaboration facilitates the application of multiple perspectives (including sociocultural perspectives) and diverse talents and skills in developing computational artifacts.,N,,,,,
,,A collaboratively created computational artifact can reflect personal expressions of ideas.,N,,,,,
Creativity 1.2.5,"Analyze the correctness, usability, functionality, and suitability of computational artifacts.","The context in which an artifact is used determines the correctness, usability, functionality, and suitability of the artifact.",N,,,,,
,,"A computational artifact may have weaknesses, mistakes, or errors depending on the type of artifact.",N,,,,,
,,The functionality of a computational artifact may be related to how it is used or perceived.,N,,,,,
,,The suitability (or appropriateness) of a computational artifact may be related to how it is used or perceived.,N,,,,,
Creativity 1.3.1,Use computing tools and techniques for creative expression.,"Creating digital effects, images, audio, video, and animations has transformed industries.",N,,,,,
,,"Digital audio and music can be created by synthesizing sounds, sampling existing audio and music, and recording and manipulating sounds, including layering and looping.",N,,,,,
,,"Digital images can be created by generating pixel patterns, manipulating existing digital images, or combining images.",N,,,,,
,,Digital effects and animations can be created by using existing software or modified software that includes functionality to implement the effects and animations.,N,,,,,
,,Computing enables creative exploration of both real and virtual phenomena.,N,,,,,
Abstraction 2.1.1,Describe the variety of abstractions used to represent data.,Digital data is represented by abstractions at different levels.,N,,,,,
,,"At the lowest level, all digital data are represented by bits.",N,,,,,
,,"At a higher level, bits are grouped to represent abstractions, including but not limited to numbers, characters, and color.",N,,,,,
,,"Number bases, including binary, decimal, and hexadecimal, are used to represent and investigate digital data.",N,,,,,
,,"At one of the lowest levels of abstraction, digital data is represented in binary (base 2) using only combinations of the digits zero and one.",N,,,,Exclusion Statement (2.1.1E): Two‹ês complement conversions are beyond the scope of this course and the AP Exam.,
,,Hexadecimal (base 16) is used to represent digital data because hexadecimal representation uses fewer digits than binary.,N,,,,,
,,Numbers can be converted from any base to any other base.,N,,,,,
Abstraction 2.1.2,Explain how binary sequences are used to represent digital data.,A finite representation is used to model the infinite mathematical concept of a number.,N,,,,Exclusion Statement (2.1.2): Binary representations of scientific notation are beyond the scope of this course and the AP Exam.,
,,"In many programming languages, the fixed number of bits used to represent characters or integers limits the range of integer values and mathematical operations; this limitation can result in overflow or other errors.",N,,,,"Exclusion Statement (2.1.2B): Range limitations of any one language, compiler, or architecture are beyond the scope of this course and the AP Exam.",
,,"In many programming languages, the fixed number of bits used to represent real numbers (as floating-point numbers) limits the range of floating- point values and mathematical operations; this limitation can result in round-off and other errors.",N,,,,,
,,The interpretation of a binary sequence depends on how it is used.,N,,,,,
,,A sequence of bits may represent instructions or data.,N,,,,,
,,A sequence of bits may represent different types of data in different contexts.,N,,,,,
Abstraction 2.2.1,Develop an abstraction when writing a program or creating other computational artifacts.,The process of developing an abstraction involves removing detail and generalizing functionality.,N,,,,,
,,An abstraction extracts common features from specific examples in order to generalize concepts.,N,,,,,
,,An abstraction generalizes functionality with input parameters that allow software reuse.,N,,,,Exclusion Statement (2.2.1C): An understanding of the difference between value and reference parameters is beyond the scope of this course and the AP Exam.,
Abstraction 2.2.2,Use multiple levels of abstraction to write programs.,"Software is developed using multiple levels of abstractions, such as constants, expressions, statements, procedures, and libraries.",N,,,,,
,,Being aware of and using multiple levels of abstraction in developing programs helps to more effectively apply available resources and tools to solve problems.,N,,,,,
Abstraction 2.2.3,Identify multiple levels of abstractions that are used when writing programs.,Different programming languages offer different levels of abstraction.,N,,,,Exclusion Statement (2.2.3): Knowledge of the abstraction capabilities of all programming languages is beyond the scope of this course and the AP Exam.,
,,High-level programming languages provide more abstractions for the programmer and make it easier for people to read and write a program.,N,,,,,
,,Code in a programming language is often translated into code in another (lower-level) language to be executed on a computer.,N,,,,,
,,"In an abstraction hierarchy, higher levels of abstraction (the most general concepts) would be placed toward the top and lower-level abstractions (the more specific concepts) toward the bottom.",N,,,,,
,,"Binary data is processed by physical layers of computing hardware, including gates, chips, and components.",N,,,,,
,,A logic gate is a hardware abstraction that is modeled by a Boolean function.,N,,,,Exclusion Statement (2.2.3F): Memorization of specific gate visual representations is beyond the scope of this course and the AP Exam.,
,,A chip is an abstraction composed of low- level components and circuits that perform a specific function.,N,,,,,
,,A hardware component can be low level like a transistor or high level like a video card.,N,,,,,
,,"Hardware is built using multiple levels of abstractions, such as transistors, logic gates, chips, memory, motherboards, special purposes cards, and storage devices.",N,,,,,
,,"Applications and systems are designed, developed, and analyzed using levels of hardware, software, and conceptual abstractions.",N,,,,,
,,"Lower-level abstractions can be combined to make higher-level abstractions, such as short message services (SMS) or email messages, images, audio files, and videos",N,,,,,
Abstraction 2.3.1,Use models and simulations to represent phenomena.,Models and simulations are simplified representations of more complex objects or phenomena.,N,,,,,
,,Models may use different abstractions or levels of abstraction depending on the objects or phenomena being posed.,N,,,,,
,,Models often omit unnecessary features of the objects or phenomena that are being modeled.,N,,,,,
,,Simulations mimic real-world events without the cost or danger of building and testing the phenomena in the real world.,N,,,,,
Abstraction 2.3.2,"Use models and simulations to formulate, refine, and test hypotheses.",Models and simulations facilitate the formulation and refinement of hypotheses related to the objects or phenomena under consideration.,N,,,,,
,,Hypotheses are formulated to explain the objects or phenomena being modeled.,N,,,,,
,,Hypotheses are refined by examining the insights that models and simulations provide into the objects or phenomena.,N,,,,,
,,The results of simulations may generate new knowledge and new hypotheses related to the phenomena being modeled.,N,,,,,
,,Simulations allow hypotheses to be tested without the constraints of the real world.,N,,,,,
,,Simulations can facilitate extensive and rapid testing of models.,N,,,,,
,,"The time required for simulations is impacted by the level of detail and quality of the models, and the software and hardware used for the simulation.",N,,,,,
,,Rapid and extensive testing allows models to be changed to accurately reflect the objects or phenomena being modeled.,N,,,,,
Data 3.1.1,"Use computers to process information, find patterns, and test hypotheses about digitally processed information to gain insight and knowledge. [P4]",Computers are used in an iterative and interactive way when processing digital information to gain insight and knowledge.,N,,Y,,,
,,Digital information can be filtered and cleaned by using computers to process information.,N,,Y,,,
,,"Combining data sources, clustering data, and data classification are part of the process of using computers to process information.",N,,Y,,,
,,Insight and knowledge can be obtained from translating and transforming digitally represented information.,N,,Y,,,
,,Patterns can emerge when data is transformed using computational tools.,N,,Y,,,
Data 3.1.2,Collaborate when processing information to gain insight and knowledge.,Collaboration is an important part of solving data-driven problems.,N,,Y,,,
,,"Collaboration facilitates solving computational problems by applying multiple perspectives, experiences, and skill sets.",N,,Y,,,
,,Communication between participants working on data-driven problems gives rise to enhanced insights and knowledge.,N,,Y,,,
,,"Collaboration in developing hypotheses and questions, and in testing hypotheses and answering questions, about data helps participants gain insight and knowledge.",N,,Y,,,
,,Collaborating face-to-face and using online collaborative tools can facilitate processing information to gain insight and knowledge.,N,,Y,,,
,,Investigating large data sets collaboratively can lead to insight and knowledge not obtained when working alone.,N,,Y,,,
Data 3.1.3,"Explain the insight and knowledge gained from digitally processed data by using appropriate visualizations, notations, and precise language.",Visualization tools and software can communicate information about data.,N,,Y,,,
,,"Tables, diagrams, and textual displays can be used in communicating insight and knowledge gained from data.",N,,Y,,,
,,Summaries of data analyzed computationally can be effective in communicating insight and knowledge gained from digitally represented information.,N,,Y,,,
,,Transforming information can be effective in communicating knowledge gained from data.,N,,Y,,,
,,Interactivity with data is an aspect of communicating.,N,,Y,,,
Data 3.2.1,"Extract information from data to discover and explain connections, patterns, or trends.",Large data sets provide opportunities and challenges for extracting information and knowledge.,N,,Y,,,
,,"Large data sets provide opportunities for identifying trends, making connections in data, and solving problems.",N,,Y,,,
,,Computing tools facilitate the discovery of connections in information within large data sets.,N,,Y,,,
,,Search tools are essential for efficiently finding information.,N,,N,,,
,,Information filtering systems are important tools for finding information and recognizing patterns in the information.,N,,Y,,,
,,"Software tools, including spreadsheets and databases, help to efficiently organize and find trends in information.",N,,Y,,Exclusion Statement (3.2.1F): Students are not expected to know specific formulas or options available in spreadsheet or database software packages..,
,,Metadata is data about data.,N,,N,,,
,,"Metadata can be descriptive data about an image, a Web page, or other complex objects.",N,,N,,,
,,Metadata can increase the effective use of data or data sets by providing additional information about various aspects of that data.,N,,N,,,
Data 3.2.2,Use large data sets to explore and discover information and knowledge.,"Large data sets include data such as transactions, measurements, text, sound, images, and video.",N,,N,,,
,,"The storing, processing, and curating of large data sets is challenging.",N,,N,,,
,,Structuring large data sets for analysis can be challenging.,N,,N,,,
,,Maintaining privacy of large data sets containing personal information can be challenging.,N,,N,,,
,,Scalability of systems is an important consideration when data sets are large.,N,,N,,,
,,The size or scale of a system that stores data affects how that data set is used.,N,,N,,,
,,The effective use of large data sets requires computational solutions.,N,,N,,,
,,"Analytical techniques to store, manage, transmit, and process data sets change as the size of data sets scale.",N,,N,,,
Data 3.3.1,"Analyze how data representation, storage, security, and transmission of data involve computational manipulation of information. ","Digital data representations involve trade- offs related to storage, security, and privacy concerns.",N,,N,,,
,,Security concerns engender trade-offs in storing and transmitting information.,N,,N,,,
,,There are trade-offs in using lossy and lossless compression techniques for storing and transmitting data.,N,,N,,,
,,Lossless data compression reduces the number of bits stored or transmitted but allows complete reconstruction of the original data.,N,,N,,,
,,Lossy data compression can significantly reduce the number of bits stored or transmitted at the cost of being able to reconstruct only an approximation of the original data.,N,,N,,,
,,Security and privacy concerns arise with data containing personal information.,N,,N,,,
,,"Data is stored in many formats depending on its characteristics (e.g., size and intended use).",N,,N,,,
,,The choice of storage media affects both the methods and costs of manipulating the data it contains.,N,,N,,,
,,Reading data and updating data have different storage requirements.,N,,N,,,
Algorithms 4.1.1,Develop an algorithm for implementation in a program. ,"Sequencing, selection, and iteration are building blocks of algorithms.",N,,,,,
,,Sequencing is the application of each step of an algorithm in the order in which the statements are given.,N,,,,,
,,Selection uses a Boolean condition to determine which of two parts of an algorithm is used.,N,,,,,
,,Iteration is the repetition of part of an algorithm until a condition is met or for a specified number of times.,N,,,,,
,,Algorithms can be combined to make new algorithms.,N,,,,,
,,Using existing correct algorithms as building blocks for constructing a new algorithm helps ensure the new algorithm is correct.,N,,,,,
,,Knowledge of standard algorithms can help in constructing new algorithms.,N,,,,,
,,Different algorithms can be developed to solve the same problem.,N,,,,,
,,Developing a new algorithm to solve a problem can yield insight into the problem.,N,,,,,
Algorithms 4.1.2,Express an algorithm in a language. ,"Languages for algorithms include natural language, pseudocode, and visual and textual programming languages.",N,,,,,
,,Natural language and pseudocode describe algorithms so that humans can understand them.,N,,,,,
,,Algorithms described in programming languages can be executed on a computer.,N,,,,,
,,Different languages are better suited for expressing different algorithms.,N,,,,,
,,Some programming languages are designed for specific domains and are better for expressing algorithms in those domains.,N,,,,,
,,The language used to express an algorithm can affect characteristics such as clarity or readability but not whether an algorithmic solution exists.,N,,,,,
,,"Every algorithm can be constructed using only sequencing, selection, and iteration.",N,,,,,
,,Nearly all programming languages are equivalent in terms of being able to express any algorithm.,N,,,,,
,,Clarity and readability are important considerations when expressing an algorithm in a language.,N,,,,,
Algorithms 4.2.1,Explain the difference between algorithms that run in a reasonable time and those that do not run in a reasonable time.,Many problems can be solved in a reasonable time.,N,,,,Exclusion Statement (LO 4.2.1): Any discussion of nondeterministic polynomial (NP) is beyond the scope of this course and the AP Exam.,
,,"Reasonable time means that as the input size grows, the number of steps the algorithm takes is proportional to the square (or cube, fourth power, fifth power, etc.) of the size of the input.",N,,,,,
,,"Some problems cannot be solved in a reasonable time, even for small input sizes.",N,,,,,
,,"Some problems can be solved but not in a reasonable time. In these cases, heuristic approaches may be helpful to find solutions in reasonable time.",N,,,,,
Algorithms 4.2.2,Explain the difference between solvable and unsolvable problems in computer science. ,A heuristic is a technique that may allow us to find an approximate solution when typical methods fail to find an exact solution.,N,,,,Exclusion Statement (LO 4.2.2): Determining whether a given problem is solvable or unsolvable is beyond the scope of this course and the AP Exam.,
,,Heuristics may be helpful for finding an approximate solution more quickly when exact methods are too slow.,N,,,,Exclusion Statement (4.2.2B): Specific heuristic solutions are beyond the scope of this course and the AP Exam.,
,,"Some optimization problems such as _find the bestŠ— or _find the smallestŠ— cannot be solved in a reasonable time, but approximations to the optimal solution can.",N,,,,,
,,Some problems cannot be solved using any algorithm.,N,,,,,
Algorithms 4.2.3,Explain the existence of undecidable problems in computer science. ,"An undecidable problem may have instances that have an algorithmic solution, but there is no algorithmic solution that solves all instances of the problem.",N,,,,,
,,"A decidable problem is one in which an algorithm can be constructed to answer _yesŠ— or _noŠ— for all inputs (e.g., _is the number even?Š—).",N,,,,,
,,An undecidable problem is one in which no algorithm can be constructed that always leads to a correct yes-or-no answer.,N,,,,Exclusion Statement (4.2.3C): Determining whether a given problem is undecidable is beyond the scope of this course and the AP Exam.,
Algorithms 4.2.4,"Evaluate algorithms analytically and empirically for efficiency, correctness, and clarity.",Determining an algorithm‹ês efficiency is done by reasoning formally or mathematically about the algorithm.,N,,,,,
,,Empirical analysis of an algorithm is done by implementing the algorithm and running it on different inputs.,N,,,,,
,,"The correctness of an algorithm is determined by reasoning formally or mathematically about the algorithm, not by testing an implementation of the algorithm.",N,,,,Exclusion statement (4.2.4C): Formally proving program correctness is beyond the scope of this course and the AP Exam.,
,,Different correct algorithms for the same problem can have different efficiencies.,N,,,,,
,,Sometimes more efficient algorithms are more complex.,N,,,,,
,,Finding an efficient algorithm for a problem can help solve larger instances of the problem.,N,,,,,
,,Efficiency includes both execution time and memory usage.,N,,,,Exclusion Statement (4.2.4G): Formal analysis of algorithms (Big-O) and formal reasoning using mathematical formulas are beyond the scope of this course and the AP Exam.,
,,Linear search can be used when searching for an item in any list; binary search can be used only when the list is sorted.,N,,,,,
Programming 5.1.1,"Develop a program for creative expression, to satisfy personal curiosity, or to create new knowledge. ",Programs are developed and used in a variety of ways by a wide range of people depending on the goals of the programmer.,N,,,,,
,,"Programs developed for creative expression, to satisfy personal curiosity, or to create new knowledge may have visual, audible, or tactile inputs and outputs.",N,,,,,
,,"Programs developed for creative expression, to satisfy personal curiosity, or to create new knowledge may be developed with different standards or methods than programs developed for widespread distribution.",N,,,,,
,,Additional desired outcomes may be realized independently of the original purpose of the program.,N,,,,,
,,"A computer program or the results of running a program may be rapidly shared with a large number of users and can have widespread impact on individuals, organizations, and society.",N,,,,,
,,Advances in computing have generated and increased creativity in other fields.,N,,,,,
Programming 5.1.2,Develop a correct program to solve problems.,An iterative process of program development helps in developing a correct program to solve problems.,N,,,,,
,,Developing correct program components and then combining them helps in creating correct programs.,N,,,,,
,,"Incrementally adding tested program segments to correct, working programs helps create large correct programs.",N,,,,,
,,Program documentation helps programmers develop and maintain correct programs to efficiently solve problems.,N,,,,,
,,"Documentation about program components, such as blocks and procedures, helps in developing and maintaining programs.",N,,,,,
,,Documentation helps in developing and maintaining programs when working individually or in collaborative programming environments.,N,,,,,
,,Program development includes identifying programmer and user concerns that affect the solution to problems.,N,,,,,
,,Consultation and communication with program users is an important aspect of program development to solve problems.,N,,,,,
,,A programmer‹ês knowledge and skill affects how a program is developed and how it is used to solve a problem.,N,,,,,
,,"A programmer designs, implements, tests, debugs, and maintains programs when solving problems.",N,,,,,
Programming 5.1.3,Collaborate to develop a program.,Collaboration can decrease the size and complexity of tasks required of individual programmers.,N,,,,,
,,Collaboration facilitates multiple perspectives in developing ideas for solving problems by programming.,N,,,,,
,,Collaboration in the iterative development of a program requires different skills than developing a program alone.,N,,,,,
,,Collaboration can make it easier to find and correct errors when developing programs.,N,,,,,
,,Collaboration facilitates developing program components independently.,N,,,,,
,,Effective communication between participants is required for successful collaboration when developing programs.,N,,,,,
Programming 5.2.1,Explain how programs implement algorithms.,Algorithms are implemented using program instructions that are processed during program execution.,N,,,,,
,,Program instructions are executed sequentially.,N,,,,,
,,"Program instructions may involve variables that are initialized and updated, read, and written.",N,,,,,
,,An understanding of instruction processing and program execution is useful for programming.,N,,,,,
,,Program execution automates processes.,N,,,,,
,,"Processes use memory, a central processing unit (CPU), and input and output.",N,,,,,
,,A process may execute by itself or with other processes.,N,,,,,
,,A process may execute on one or several CPUs.,N,,,,,
,,Executable programs increase the scale of problems that can be addressed.,N,,,,,
,,Simple algorithms can solve a large set of problems when automated.,N,,,,,
,,"Improvements in algorithms, hardware, and software increase the kinds of problems and the size of problems solvable by programming.",N,,,,,
Programming 5.3.1,Use abstraction to manage complexity in programs. ,Procedures are reusable programming abstractions.,N,,,,,
,,A function is a named grouping of programming instructions.,N,,,,,
,,Procedures reduce the complexity of writing and maintaining programs.,N,,,,,
,,Procedures have names and may have parameters and return values.,N,,,,,
,,Parameterization can generalize a specific solution.,N,,,,,
,,Parameters generalize a solution by allowing a function to be used instead of duplicated code.,N,,,,,
,,Parameters provide different values as input to procedures when they are called in a program.,N,,,,,
,,Data abstraction provides a means of separating behavior from implementation.,N,,,,,
,,"Strings and string operations, including concatenation and some form of substring, are common in many programs.",N,,,,,
,,Integers and floating-point numbers are used in programs without requiring understanding of how they are implemented.,N,,,,,
,,"Lists and list operations, such as add, remove, and search, are common in many programs.",N,,,,,
,,Using lists and procedures as abstractions in programming can result in programs that are easier to develop and maintain.,N,,,,,
,,Application program interfaces (APIs) and libraries simplify complex programming tasks.,N,,,,,
,,Documentation for an API/library is an important aspect of programming.,N,,,,,
,,"APIs connect software components, allowing them to communicate.",N,,,,,
Programming 5.4.1,Evaluate the correctness of a program.,Program style can affect the determination of program correctness.,N,,,,,
,,Duplicated code can make it harder to reason about a program.,N,,,,,
,,Meaningful names for variables and procedures help people better understand programs.,N,,,,,
,,Longer code blocks are harder to reason about than shorter code blocks in a program.,N,,,,,
,,Locating and correcting errors in a program is called debugging the program.,N,,,,,
,,Knowledge of what a program is supposed to do is required in order to find most program errors.,N,,,,,
,,Examples of intended behavior on specific inputs help people understand what a program is supposed to do.,N,,,,,
,,Visual displays (or different modalities) of program state can help in finding errors.,N,,,,,
,,Programmers justify and explain a program‹ês correctness.,N,,,,,
,,Justification can include a written explanation about how a program meets its specifications.,N,,,,,
,,"Correctness of a program depends on correctness of program components, including code blocks and procedures.",N,,,,,
,,An explanation of a program helps people understand the functionality and purpose of it.,N,,,,,
,,The functionality of a program is often described by how a user interacts with it.,N,,,,,
,,"The functionality of a program is best described at a high level by what the program does, not at the lower level of how the program statements work to accomplish this.",N,,,,,
Programming 5.5.1,Employ appropriate mathematical and logical concepts in programming. ,Numbers and numerical concepts are fundamental to programming.,N,,,,,
,,Integers may be constrained in the maximum and minimum values that can be represented in a program because of storage limitations.,N,,,,Exclusion Statement (5.5.1B): Specific range limitations of all programming languages are beyond the scope of this course and the AP Exam.,
,,Real numbers are approximated by floating- point representations that do not necessarily have infinite precision.,N,,,,Exclusion Statement (5.5.1C): Specific sets of values that cannot be exactly represented by floating point numbers are beyond the scope of this course and the AP Exam.,
,,Mathematical expressions using arithmetic operators are part of most programming languages.,N,,,,,
,,Logical concepts and Boolean algebra are fundamental to programming.,N,,,,,
,,"Compound expressions using and, or, and not are part of most programming languages.",N,,,,,
,,Intuitive and formal reasoning about program components using Boolean concepts helps in developing correct programs.,N,,,,,
,,Computational methods may use lists and collections to solve problems.,N,,,,,
,,Lists and other collections can be treated as abstract data types (ADTs) in developing programs.,N,,,,,
,,"Basic operations on collections include adding elements, removing elements, iterating over all elements, and determining whether an element is in a collection.",N,,,,,
Internet 6.1.1,Explain the abstractions in the Internet and how the Internet functions.,The Internet connects devices and networks all over the world.,N,,,,Exclusion Statement (LO 6.1.1): Specific devices used to implement the abstractions in the Internet are beyond the scope of this course and the AP Exam.,
,,An end-to-end architecture facilitates connecting new devices and networks on the Internet.,N,,,,,
,,Devices and networks that make up the Internet are connected and communicate using addresses and protocols.,N,,,,,
,,The Internet and the systems built on it facilitate collaboration.,N,,,,,
,,Connecting new devices to the Internet is enabled by assignment of an Internet protocol (IP) address.,N,,,,,
,,"The Internet is built on evolving standards, including those for addresses and names.",N,,,,Exclusion Statement (6.1.1F): Specific details of any particular standard for addresses are beyond the scope of this course and the AP Exam.,
,,The domain name system (DNS) translates names to IP addresses.,N,,,,,
,,The number of devices that could use an IP address has grown so fast that a new protocol (IPv6) has been established to handle routing of many more devices.,N,,,,,
,,"Standards such as hypertext transfer protocol (HTTP), IP, and simple mail transfer protocol (SMTP) are developed and overseen by the Internet Engineering Task Force (IETF).",N,,,,,
Internet 6.2.1,Explain characteristics of the Internet and the systems built on it.,The Internet and the systems built on it are hierarchical and redundant.,N,,,,,
,,The domain name syntax is hierarchical.,N,,,,,
,,IP addresses are hierarchical.,N,,,,,
,,Routing on the Internet is fault tolerant and redundant.,N,,,,,
Internet 6.2.2,Explain how the characteristics of the Internet influence the systems built on it.,Hierarchy and redundancy help systems scale.,N,,,,,
,,"The redundancy of routing (i.e., more than one way to route data) between two points on the Internet increases the reliability of the Internet and helps it scale to more devices and more people.",N,,,,,
,,Hierarchy in the DNS helps that system scale.,N,,,,,
,,Interfaces and protocols enable widespread use of the Internet.,N,,,,,
,,Open standards fuel the growth of the Internet.,N,,,,,
,,"The Internet is a packet-switched system through which digital data is sent by breaking the data into blocks of bits called packets, which contain both the data being transmitted and control information for routing the data.",N,,,,Exclusion Statements (6.2.2F): Specific details of any particular packet- switching system are beyond the scope of this course and the AP Exam.,
,,Standards for packets and routing include transmission control protocol/Internet protocol (TCP/IP).,N,,,,Exclusion Statement (6.2.2G): Specific technical details of how TCP/IP works are beyond the scope of this course and the AP Exam.,
,,Standards for sharing information and communicating between browsers and servers on the Web include HTTP and secure sockets layer/transport layer security (SSL/TLS).,N,,,,Exclusion Statement (6.2.2H): Understanding the technical aspects of how SSL/TLS works is beyond the scope of this course and the AP Exam.,
,,The size and speed of systems affect their use.,N,,,,,
,,The bandwidth of a system is a measure of bit rate Š—¾ the amount of data (measured in bits) that can be sent in a fixed amount of time.,N,,,,,
,,The latency of a system is the time elapsed between the transmission and the receipt of a request.,N,,,,,
Internet 6.3.1,Identify existing cybersecurity concerns and potential options to address these issues with the Internet and the systems built on it. ,The trust model of the Internet involves trade-offs.,N,,,,,
,,The domain name system (DNS) was not designed to be completely secure.,N,,,,,
,,"Implementing cybersecurity has software, hardware, and human components.",N,,,,,
,,Cyber warfare and cyber crime have widespread and potentially devastating effects.,N,,,,,
,,Distributed denial-of-service attacks (DDoS) compromise a target by flooding it with requests from multiple systems.,N,,,,,
,,"Phishing, viruses, and other attacks have human and software components.",N,,,,,
,,Antivirus software and firewalls can help prevent unauthorized access to private data.,N,,,,,
,,Cryptography is essential to many models of cybersecurity.,N,,,,,
,,Cryptography has a mathematical foundation.,N,,,,Exclusion statement (6.3.1I): Specific mathematical functions used in cryptography are beyond the scope of this course and the AP Exam.,
,,Open standards help ensure cryptography is secure.,N,,,,,
,,Symmetric encryption is a method of encryption involving one key for encryption and decryption.,N,,,,Exclusion Statement (6.3.1K): The methods used in encryption are beyond the scope of this course and the AP Exam.,
,,"Public key encryption, which is not symmetric, is an encryption method that is widely used because of the enhanced security associated with its use.",N,,,,Exclusion statement (6.3.1L): The mathematical methods used in public key encryption are beyond the scope of this course and the AP Exam.,
,,Certificate authorities (CAs) issue digital certificates that validate the ownership of encrypted keys used in secured communication and are based on a trust model.,N,,,,Exclusion statement (6.3.1M): The technical details of the process certificate authorities follow are beyond the scope of this course and the AP Exam.,
Global Impact 7.1.1,"Explain how computing innovations affect communication, interaction, and cognition.","Email, short message service (SMS), and chat have fostered new ways to communicate and collaborate.",N,,,,,
,,Video conferencing and video chat have fostered new ways to communicate and collaborate.,N,,,,,
,,Social media continues to evolve and foster new ways to communicate.,N,,,,Exclusion Statement (7.1.1C): Detailed knowledge of any social media site is beyond the scope of this course and the AP Exam.,
,,Cloud computing fosters new ways to communicate and collaborate.,N,,,,,
,,"Widespread access to information facilitates the identification of problems, development of solutions, and dissemination of results.",N,,,,,
,,Public data provides widespread access and enables solutions to identified problems.,N,,,,,
,,Search trends are predictors.,N,,,,,
,,"Social media, such as blogs and Twitter, have enhanced dissemination.",N,,,,,
,,"Global Positioning System (GPS) and related technologies have changed how humans travel, navigate, and find information related to geolocation.",N,,,,,
,,Sensor networks facilitate new ways of interacting with the environment and with physical systems.,N,,,,,
,,"Smart grids, smart buildings, and smart transportation are changing and facilitating human capabilities.",N,,,,,
,,Computing contributes to many assistive technologies that enhance human capabilities.,N,,,,,
,,The Internet and the Web have enhanced methods of and opportunities for communication and collaboration.,N,,,,,
,,"The Internet and the Web have changed many areas, including e-commerce, health care, access to information and entertainment, and online learning.",N,,,,,
,,"The Internet and the Web have impacted productivity, positively and negatively, in many areas.",N,,,,,
Global Impact 7.1.2,Explain how people participate in a problem- solving process that scales. ,Distributed solutions must scale to solve some problems.,N,,,,,
,,Science has been impacted by using scale and _citizen scienceŠ— to solve scientific problems using home computers in scientific research.,N,,,,,
,,Human computation harnesses contributions from many humans to solve problems related to digital data and the Web.,N,,,,,
,,Human capabilities are enhanced by digitally enabled collaboration.,N,,,,,
,,Some online services use the contributions of many people to benefit both individuals and society.,N,,,,,
,,"Crowdsourcing offers new models for collaboration, such as connecting people with jobs and businesses with funding.",N,,,,,
,,The move from desktop computers to a proliferation of always-on mobile computers is leading to new applications.,N,,,,,
Global Impact 7.2.1,Explain how computing has impacted innovations in other fields.,"Machine learning and data mining have enabled innovation in medicine, business, and science.",N,,,,,
,,Scientific computing has enabled innovation in science and business.,N,,,,,
,,Computing enables innovation by providing access to and sharing of information.,N,,,,,
,,Open access and Creative Commons have enabled broad access to digital information.,N,,,,,
,,Open and curated scientific databases have benefited scientific researchers.,N,,,,,
,,Moore's law has encouraged industries that use computers to effectively plan future research and development based on anticipated increases in computing power.,N,,,,,
,,Advances in computing as an enabling technology have generated and increased the creativity in other fields.,N,,,,,
Global Impact 7.3.1,Analyze the beneficial and harmful effects of computing.,Innovations enabled by computing raise legal and ethical concerns.,N,,,,,
,,Commercial access to music and movie downloads and streaming raises legal and ethical concerns.,N,,,,,
,,Access to digital content via peer-to-peer networks raises legal and ethical concerns.,N,,,,,
,,Both authenticated and anonymous access to digital information raise legal and ethical concerns.,N,,,,,
,,Commercial and governmental censorship of digital information raise legal and ethical concerns.,N,,,,,
,,Open source and licensing of software and content raise legal and ethical concerns.,N,,,,,
,,Privacy and security concerns arise in the development and use of computational systems and artifacts.,N,,,,,
,,"Aggregation of information, such as geolocation, cookies, and browsing history, raises privacy and security concerns.",N,,,,,
,,Anonymity in online interactions can be enabled through the use of online anonymity software and proxy servers.,N,,,,,
,,"Technology enables the collection, use, and exploitation of information about, by, and for individuals, groups, and institutions.",N,,,,,
,,People can have instant access to vast amounts of information online; accessing this information can enable the collection of both individual and aggregate data that can be used and collected.,N,,,,,
,,Commercial and governmental curation of information may be exploited if privacy and other protections are ignored.,N,,,,,
,,"Targeted advertising is used to help individuals, but it can be misused at both individual and aggregate levels.",N,,,,,
,,Widespread access to digitized information raises questions about intellectual property.,N,,,,,
,,"Creation of digital audio, video, and textual content by combining existing content has been impacted by copyright concerns.",N,,,,,
,,The Digital Millennium Copyright Act (DMCA) has been a benefit and a challenge in making copyrighted digital material widely available.,N,,,,,
,,"Open source and free software have practical, business, and ethical impacts on widespread access to programs, libraries, and code.",N,,,,,
Global Impact 7.4.1,"Explain the connections between computing and economic, social, and cultural contexts. ",The innovation and impact of social media and online access is different in different countries and in different socioeconomic groups.,N,,,,,
,,"Mobile, wireless, and networked computing have an impact on innovation throughout the world.",N,,,,,
,,"The global distribution of computing resources raises issues of equity, access, and power.",N,,,,,
,,"Groups and individuals are affected by the ""digital divide"" -- differing access to computing and the internet based on socioeconomic or geographic characteristics.",N,,,,,
,,Networks and infrastructure are supported by both commercial and governmental initiatives.,N,,,,,
Global Impact 7.5.1,,Online databases and libraries catalog and house secondary and some primary sources.,N,,,,,
,,"Advance search tools, Boolean logic, and key words can refine the search focus and/or limit search results based on a variety of factors (e.g. data, peer-review status, types of publication)",N,,,,,
,,Plagiarism is a serious offense that occurs when a person presents another's ideas or words as his or her own. Plagiarism may be avoided by accurately acknowledgin sources.,N,,,,,
Global Impact 7.5.2,,"Determing the credibility of a source requires considering and evaluating the reputation and credentials of the author(s), publisher(s), site owner(s), and/or sponsor(s).",N,,,,,
,,Information from a source is considered relevant when it supports an appropriate claim or the purpose of the investigation.,N,,,,,
2-CS-01,"Recommend improvements to the design of computing devices, based on an analysis of how users interact with the devices.",,N,N,N,,,
2-CS-02,Design projects that combine hardware and software components to collect and exchange data.,,N,N,N,,,
2-CS-03,Systematically identify and fix problems with computing devices and their components.,,N,N,N,,,
2-NI-04,Model the role of protocols in transmitting data across networks and the Internet.,,N,N,N,,,
2-NI-05,Explain how physical and digital security measures protect electronic information.,,N,N,N,,,
2-NI-06,Apply multiple methods of encryption to model the secure transmission of information,,N,N,N,,,
2-DA-07,Represent data using multiple encoding schemes.,,N,N,Y,,,
2-DA-08,Collect data using computational tools and transform the data to make it more useful and reliable.,,N,N,Y,,,
2-DA-09,Refine computational models based on the data they have generated.,,N,Y,Y,,,
2-AP-10,Use flowcharts and/or pseudocode to address complex problems as algorithms,,N,N,N,,,
2-AP-11,Create clearly named variables that represent different data types and perform operations on their values.,,Y,Y,Y,,,
2-AP-12,"Design and iteratively develop programs that combine control structures, including nested loops and compound conditionals",,N,N,N,,,
2-AP-13,"Decompose problems and subproblems into parts to facilitate the design, implementation, and review of programs",,Y,Y,Y,,,
2-AP-14,Create procedures with parameters to organize code and make it easier to reuse.,,Y,Y,Y,,,
2-AP-15,Seek and incorporate feedback from team members and users to refine a solution that meets user needs.,,N,N,N,,,
2-AP-16,"Incorporate existing code, media, and libraries into original programs, and give attribution.",,N,N,N,,,
2-AP-17,Systematically test and refine programs using a range of test cases,,Y,Y,Y,,,
2-AP-18,Distribute tasks and maintain a project timeline when collaboratively developing computational artifacts.,,N,N,N,,,
2-AP-19,"Document programs in order to make them easier to follow, test, and debug.",,Y,Y,Y,,,
2-IC-20,Compare tradeoffs associated with computing technologies that affect people's everyday activities and career options.,,N,N,N,,,
2-IC-21,Discuss issues of bias and accessibility in the design of existing technologies,,N,N,N,,,
2-IC-22,Collaborate with many contributors through strategies such as crowdsourcing or surveys when creating a computational artifact.,,N,N,N,,,
2-IC-23,Describe tradeoffs between allowing information to be public and keeping information private and secure.,,N,N,N,,,
3A-CS-01,Explain how abstractions hide the underlying implementation details of computing systems embedded in everyday objects.,,N,N,N,,,
3A-CS-02,"Compare levels of abstraction and interactions between application software, system software, and hardware layers",,N,N,N,,,
3A-CS-03,Develop guidelines that convey systematic troubleshooting strategies that others can use to identify and fix errors,,N,N,N,,,
3A-NI-04,"Evaluate the scalability and reliability of networks, by describing the relationship between routers, switches, servers, topology, and addressing.",,N,N,N,,,
3A-NI-05,Give examples to illustrate how sensitive data can be affected by malware and other attacks,,N,N,N,,,
3A-NI-06,"Recommend security measures to address various scenarios based on factors such as efficiency, feasibility, and ethical impacts.",,N,N,N,,,
3A-NI-07,"Compare various security measures, considering tradeoffs between the usability and security of a computing system",,N,N,N,,,
3A-NI-08,Explain tradeoffs when selecting and implementing cybersecurity recommendations.,,N,N,N,,,
3A-DA-09,"Translate between different bit representations of real-world phenomena, such as characters, numbers, and images.",,N,N,N,,,
3A-DA-10,Evaluate the tradeoffs in how data elements are organized and where data is stored.,,N,N,N,,,
3A-DA-11,Create interactive data visualizations using software tools to help others better understand real-world phenomena.,,N,N,Y,,,
3A-DA-12,Create computational models that represent the relationships among different elements of data collected from a phenomenon or process.,,N,N,Y,,,
3A-AP-13,Create prototypes that use algorithms to solve computational problems by leveraging prior student knowledge and personal interests.,,N,N,N,,,
3A-AP-14,"Use lists to simplify solutions, generalizing computational problems instead of repeatedly using simple variables",,N,N,N,,,
3A-AP-15,"Justify the selection of specific control structures when tradeoffs involve implementation, readability, and program performance, and explain the benefits and drawbacks of choices made.",,N,N,N,,,
3A-AP-16,"Design and iteratively develop computational artifacts for practical intent, personal expression, or to address a societal issue by using events to initiate instructions.",,N,Y,N,,,
3A-AP-17,"Decompose problems into smaller components through systematic analysis, using constructs such as procedures, modules, and/or objects.",,Y,Y,Y,,,
3A-AP-18,"Create artifacts by using procedures within a program, combinations of data and procedures, or independent but interrelated programs.",,Y,Y,Y,,,
3A-AP-19,Systematically design and develop programs for broad audiences by incorporating feedback from users,,N,N,N,,,
3A-AP-20,Evaluate licenses that limit or restrict use of computational artifacts when using resources such as libraries,,N,N,N,,,
3A-AP-21,Evaluate and refine computational artifacts to make them more usable and accessible.,,N,N,N,,,
3A-AP-22,Design and develop computational artifacts working in team roles using collaborative tools,,N,N,Y,,,
3A-AP-23,"Document design decisions using text, graphics, presentations, and/or demonstrations in the development of complex programs.",,N,N,Y,,,
3A-IC-24,"Evaluate the ways computing impacts personal, ethical, social, economic, and cultural practices",,N,N,N,,,
3A-IC-25,Test and refine computational artifacts to reduce bias and equity deficits.,,N,N,N,,,
3A-IC-26,Demonstrate ways a given algorithm applies to problems across disciplines.,,N,N,N,,,
3A-IC-27,Use tools and methods for collaboration on a project to increase connectivity of people in different cultures and career fields,,N,N,N,,,
3A-IC-28,Explain the beneficial and harmful effects that intellectual property laws can have on innovation.,,N,N,N,,,
3A-IC-29,Explain the privacy concerns related to the collection and generation of data through automated processes that may not be evident to users.,,N,N,N,,,
3A-IC-30,"Evaluate the social and economic implications of privacy in the context of safety, law, or ethics.",,N,N,N,,,
3B-CS-01,Categorize the roles of operating system software.,,N,N,N,,,
3B-CS-02,"Illustrate ways computing systems implement logic, input, and output through hardware components",,N,N,N,,,
3B-NI-03,"Describe the issues that impact network functionality (e.g., bandwidth, load, delay, topology).",,N,N,N,,,
3B-NI-04,Compare ways software developers protect devices and information from unauthorized access.,,N,N,N,,,
3B-NI-05,Use data analysis tools and techniques to identify patterns in data representing complex systems,,N,N,Y,,,
3B-NI-06,Select data collection tools and techniques to generate data sets that support a claim or communicate information.,,N,N,Y,,,
3B-NI-07,Evaluate the ability of models and simulations to test and support the refinement of hypotheses.,,N,N,Y,,,
3B-AP-08,Describe how artificial intelligence drives many software and physical systems.,,N,N,N,,,
3B-AP-09,Implement an artificial intelligence algorithm to play a game against a human opponent or solve a problem.,,N,N,N,,,
3B-AP-10,Use and adapt classic algorithms to solve computational problems.,,N,N,N,,,
3B-AP-11,"Evaluate algorithms in terms of their efficiency, correctness, and clarity.",,N,N,N,,,
3B-AP-12,Compare and contrast fundamental data structures and their uses.,,Y,Y,Y,,,
3B-AP-13,Illustrate the flow of execution of a recursive algorithm,,N,N,N,,,
3B-AP-14,"Construct solutions to problems using student-created components, such as procedures, modules and/or objects.",,Y,Y,Y,,,
3B-AP-15,Analyze a large-scale computational problem and identify generalizable patterns that can be applied to a solution,,N,N,N,,,
3B-AP-16,Demonstrate code reuse by creating programming solutions using libraries and APIs.,,N,N,N,,,
3B-AP-17,Plan and develop programs for broad audiences using a software life cycle process.,,N,N,N,,,
3B-AP-18,Explain security issues that might lead to compromised computer programs,,N,N,N,,,
3B-AP-19,Develop programs for multiple computing platforms.,,N,N,N,,,
3B-AP-20,"Use version control systems, integrated development environments (IDEs), and collaborative tools and practices (code documentation) in a group software project.",,N,N,N,,,
3B-AP-21,Develop and use a series of test cases to verify that a program performs according to its design specifications.,,Y,Y,Y,,,
3B-AP-22,"Modify an existing program to add additional functionality and discuss intended and unintended implications (e.g., breaking other functionality).",,N,Y,Y,,,
3B-AP-23,Evaluate key qualities of a program through a process such as a code review,,N,N,N,,,
3B-AP-24,Compare multiple programming languages and discuss how their features make them suitable for solving different types of problems.,,N,N,N,,,
3B-IC-25,Evaluate computational artifacts to maximize their beneficial effects and minimize harmful effects on society.,,N,N,N,,,
3B-IC-26,"Evaluate the impact of equity, access, and influence on the distribution of computing resources in a global society.",,N,N,N,,,
3B-IC-27,Predict how computational innovations that have revolutionized aspects of our culture might evolve.,,N,N,N,,,
3B-IC-28,Debate laws and regulations that impact the development and use of software.,,N,N,N,,,